회사명,거래소코드,회계년도,[U01B951020000]*주당순손익(요약)(IFRS연결)(원),[U01B951020000]*주당순손익(요약)(IFRS)(원),[U01219000]주당순이익(요약)(원),[U01B951020000]*주당순손익(IFRS연결)(원),[U01B951020000]*주당순손익(IFRS)(원),[U01290400]*주당순손익(연결)(원),[U01290400]*주당순손익(원),당기순이익(천원),주당순이익(원),주당순자산(원)
(주)굿센,243870,2016/12,,599,599,,599,,599,1167810,599,0
(주)굿센,243870,2017/12,,10,10,,10,,10,12709,10,0
(주)굿센,243870,2018/12,,-2719,-2719,,-2719,,-2719,-3090286,-2719,0
(주)굿센,243870,2019/12,,-4403,-4403,,-4403,,-4403,-4161180,-4403,0
(주)굿센,243870,2020/12,,577,577,,577,,577,556304,577,0
(주)굿센,243870,2021/12,,3192,3192,,3192,,3192,3795592,3192,0
(주)굿센,243870,2022/12,,164,164,,164,,164,421387,164,0
(주)나눔테크,244880,2016/12,,,57,,,,57,227381,57,0
(주)나눔테크,244880,2017/12,,,442,,,,442,1769380,442,0
(주)나눔테크,244880,2018/12,,,199,,,,199,2406104,199,0
(주)나눔테크,244880,2019/12,,,579,,,,579,2904995,579,0
(주)나눔테크,244880,2020/12,,,309,,,,309,1550843,309,0
(주)나눔테크,244880,2021/12,,,467,,,,467,2347006,467,0
(주)나눔테크,244880,2022/12,,,621,,,,621,3120252,621,0
(주)나라소프트,288490,2018/12,,,17,,,,17,420347,17,0
(주)나라소프트,288490,2019/12,,,-140,,,,-140,-3495410,-140,0
(주)나라소프트,288490,2020/12,,38,38,,38,,38,1098044,38,0
(주)나라소프트,288490,2021/12,,-66,-66,,-66,,-66,-2093406,-66,0
(주)나라소프트,288490,2022/12,,-23,-23,,-23,,-23,-862606,-23,0
(주)나우코스,257990,2015/12,,,,,,,,,,
(주)나우코스,257990,2016/12,,,,,,,,,,
(주)나우코스,257990,2017/12,,,,,,,,,,
(주)나우코스,257990,2018/12,,,,,,,,,,
(주)나우코스,257990,2019/12,,,,,,,,,,
(주)나우코스,257990,2020/12,474,406,406,474,406,474,406,1590425,406,0
(주)나우코스,257990,2021/12,0,22,22,0,22,0,22,84627,22,0
(주)나우코스,257990,2022/12,0,-269,-269,0,-269,0,-269,-1295518,-269,0
(주)노드메이슨,317860,2019/12,,-172,-172,,-172,,-172,-641258,-172,0
(주)노드메이슨,317860,2020/12,,336,336,,336,,336,1258965,336,0
(주)노드메이슨,317860,2021/12,,36,36,,36,,36,137162,36,0
(주)노드메이슨,317860,2022/12,0,-582,-582,0,-582,0,-582,-2533979,-582,0
(주)노브메타파마,229500,2015/12,,,-98,,,,-98,-497222,-98,0
(주)노브메타파마,229500,2016/12,-531,-552,-552,-531,-552,-531,-552,-4291573,-552,0
(주)노브메타파마,229500,2017/12,-767,-754,-754,-767,-754,-767,-754,-5967158,-754,0
(주)노브메타파마,229500,2018/12,0,-1468,-1468,0,-1468,0,-1468,-12710679,-1468,0
(주)노브메타파마,229500,2019/12,0,-1354,-1354,0,-1354,0,-1354,-11956843,-1354,0
(주)노브메타파마,229500,2020/12,0,-710,-710,0,-710,0,-710,-6363799,-710,0
(주)노브메타파마,229500,2021/12,0,-722,-722,0,-722,0,-722,-6474704,-722,0
(주)노브메타파마,229500,2022/12,,-1,-1,,-641,,-641,-6142414,-641,0
(주)다원넥스뷰,323350,2019/12,,,57,,,,57,40047,57,0
(주)다원넥스뷰,323350,2020/12,,,-3815,,,,-3815,-2784710,-3815,0
(주)다원넥스뷰,323350,2021/12,,,634,,,,634,506357,634,0
(주)다원넥스뷰,323350,2022/12,,-918,-918,,-918,,-918,-842079,-918,0
(주)더콘텐츠온,302920,2018/12,,,68,,,,68,239677,68,0
(주)더콘텐츠온,302920,2019/12,,,252,,,,252,1146101,252,0
(주)더콘텐츠온,302920,2020/12,,,-435,,,,-435,-1979919,-435,0
(주)더콘텐츠온,302920,2021/12,,,126,,,,126,576463,126,0
(주)더콘텐츠온,302920,2022/12,,,-710,,,,-710,-3221874,-710,0
(주)데이터스트림즈,199150,2014/12,,,68,,,,68,274448,68,0
(주)데이터스트림즈,199150,2015/12,,,-617,,,,-617,-2479343,-617,0
(주)데이터스트림즈,199150,2016/12,-418,-374,-374,-418,-374,-418,-374,-1504305,-374,0
(주)데이터스트림즈,199150,2017/12,-516,-535,-535,-516,-535,-516,-535,-2181552,-535,0
(주)데이터스트림즈,199150,2018/12,-21,33,33,-21,33,-21,33,132960,33,0
(주)데이터스트림즈,199150,2019/12,0,-255,-255,-222,-255,-222,-255,-1045251,-255,0
(주)데이터스트림즈,199150,2020/12,0,213,213,238,213,238,213,873209,213,0
(주)데이터스트림즈,199150,2021/12,0,224,224,234,224,234,224,930230,224,0
(주)데이터스트림즈,199150,2022/12,-1,-537,-537,-534,-537,-534,-537,-2250189,-537,0
(주)듀켐바이오,176750,2014/12,,,24,,,0,24,183736,24,0
(주)듀켐바이오,176750,2015/12,,,-2325,,,-2324,-2325,-11600003,-2325,0
(주)듀켐바이오,176750,2016/12,,,-1739,,,-1739,-1739,-8833130,-1739,0
(주)듀켐바이오,176750,2017/12,0,-486,-486,0,-486,0,-486,-2670803,-486,0
(주)듀켐바이오,176750,2018/12,0,-1193,-1193,0,-1193,0,-1193,-7806391,-1193,0
(주)듀켐바이오,176750,2019/12,0,-1836,-1836,0,-1836,0,-1836,-15121581,-1836,0
(주)듀켐바이오,176750,2020/12,0,-809,-809,0,-809,0,-809,-7163984,-809,0
(주)듀켐바이오,176750,2021/12,0,60,60,0,60,0,60,1608194,60,0
(주)듀켐바이오,176750,2022/12,,-97,-97,,-97,,-97,-2831527,-97,0
(주)디피코,163430,2018/12,,,65,,,,65,131543,65,0
(주)디피코,163430,2019/12,,,-15,,,,-15,-46407,-15,0
(주)디피코,163430,2020/12,,,-1877,,,,-1877,-6988166,-1877,0
(주)디피코,163430,2021/12,,-6110,-6110,,-6110,,-6110,-16467159,-2994,0
(주)디피코,163430,2022/12,,-1428,-1428,,-1428,,-1428,-11749825,-1428,0
(주)라피치,403360,2021/12,,,96,,,,96,278947,96,0
(주)라피치,403360,2022/12,,232,232,,232,,232,672630,232,0
(주)로보쓰리에이아이앤로보틱스,238500,2016/12,,-156,-156,,-156,,-156,-670742,-156,0
(주)로보쓰리에이아이앤로보틱스,238500,2017/12,,-158,-158,,-158,,-158,-702200,-158,0
(주)로보쓰리에이아이앤로보틱스,238500,2018/12,,-141,-141,,-141,,-141,-649834,-141,0
(주)로보쓰리에이아이앤로보틱스,238500,2019/12,,-542,-542,,-542,,-542,-2538933,-542,0
(주)로보쓰리에이아이앤로보틱스,238500,2020/12,,-101,-101,,-101,,-101,-471741,-101,0
(주)로보쓰리에이아이앤로보틱스,238500,2021/12,,-105,-105,,-105,,-105,-1469436,-105,0
(주)로보쓰리에이아이앤로보틱스,238500,2022/12,,-256,-256,,-256,,-256,-4247477,-256,0
(주)로지스몬,223220,2015/12,0,-418,-418,0,-418,0,-418,-1421270,-418,0
(주)로지스몬,223220,2016/12,0,-956,-956,0,-956,0,-956,-3251162,-956,0
(주)로지스몬,223220,2017/12,,-1027,-1027,,-1027,,-1027,-4847946,-893,0
(주)로지스몬,223220,2018/12,,-37,-37,,-37,,-37,-317596,-37,0
(주)로지스몬,223220,2019/12,,-460,-460,,-460,,-460,-2137751,-396,0
(주)로지스몬,223220,2020/12,,-85,-85,,-85,,-85,-945146,-72,0
(주)로지스몬,223220,2021/12,,-71,-71,,-71,,-71,-1719205,-71,0
(주)로지스몬,223220,2022/12,,-20,-20,,-20,,-20,-817328,-20,0
(주)루켄테크놀러지스,162120,2017/12,,,318,,,,318,522543,318,0
(주)루켄테크놀러지스,162120,2018/12,,,163,,,,163,282231,163,0
(주)루켄테크놀러지스,162120,2019/12,,,371,,,,371,628104,371,0
(주)루켄테크놀러지스,162120,2020/12,,-4817,-4817,,-4817,,-4817,-24382585,-4817,0
(주)루켄테크놀러지스,162120,2021/12,,148,148,,148,,148,1512123,148,0
(주)루켄테크놀러지스,162120,2022/12,,-188,-188,,-188,,-188,-2062731,-188,0
(주)루트락,253610,2020/12,,,-151,,,,-151,-1132995,-151,0
(주)루트락,253610,2021/12,,,-397,,,,-397,-3086838,-397,0
(주)루트락,253610,2022/12,,,-473,,,,-473,-3680123,-473,0
(주)마이크로엔엑스,448780,2022/12,,,301,,,288,301,783927,301,0
(주)메디쎄이,200580,2015/12,,,67,,,,67,225213,67,0
(주)메디쎄이,200580,2016/12,,,68,,,,68,235241,68,0
(주)메디쎄이,200580,2017/12,-171,-18,-18,-171,-18,-171,-18,-65374,-18,0
(주)메디쎄이,200580,2018/12,586,782,782,0,782,586,782,3087099,782,0
(주)메디쎄이,200580,2019/12,379,418,418,379,418,379,418,1598735,418,0
(주)메디쎄이,200580,2020/12,0,-545,-545,-26,-545,-26,-545,-2058556,-545,0
(주)메디쎄이,200580,2021/12,1,1205,1205,1364,1205,1364,1205,4515364,1205,0
(주)메디쎄이,200580,2022/12,1,1067,1067,1210,1067,1210,1067,4034377,1067,0
(주)메디안디노스틱,233250,2017/12,980,978,978,980,978,980,978,1491941,978,0
(주)메디안디노스틱,233250,2018/12,481,494,494,481,494,481,494,809489,494,0
(주)메디안디노스틱,233250,2019/12,0,367,367,366,367,366,367,601931,367,0
(주)메디안디노스틱,233250,2020/12,1,1338,1338,1322,1338,1322,1338,2194573,1338,0
(주)메디안디노스틱,233250,2021/12,1,1419,1419,1455,1419,1455,1419,2328119,1419,0
(주)메디안디노스틱,233250,2022/12,0,196,196,198,196,198,196,323223,196,0
(주)메디젠휴먼케어,236340,2016/12,,,-680,,,,-652,-1566964,-680,0
(주)메디젠휴먼케어,236340,2017/12,,,-581,,,,-581,-1339481,-581,0
(주)메디젠휴먼케어,236340,2018/12,-1004,-1003,-1003,0,-1003,-1004,-1003,-2312156,-1003,0
(주)메디젠휴먼케어,236340,2019/12,-1534,-1533,-1533,-1534,-1533,-1534,-1533,-3532775,-1533,0
(주)메디젠휴먼케어,236340,2020/12,-2,-2209,-2209,-2207,-2209,-2207,-2209,-5120327,-2209,0
(주)메디젠휴먼케어,236340,2021/12,,-1092,-1092,,-1092,,-1092,-2631970,-1092,0
(주)메디젠휴먼케어,236340,2022/12,,-969,-969,,-969,,-969,-2792081,-969,0
(주)무진메디,322970,2020/12,,,-293,,,,-293,-1977285,-293,0
(주)무진메디,322970,2021/12,,,-372,,,,-372,-2510603,-372,0
(주)무진메디,322970,2022/12,,,-411,,,,-411,-3027867,-411,0
(주)미래엔에듀파트너,208890,2014/12,,,245,,,,245,486941,245,0
(주)미래엔에듀파트너,208890,2015/12,0,116,116,0,116,0,116,230866,116,0
(주)미래엔에듀파트너,208890,2016/12,0,73,73,0,73,0,73,144508,73,0
(주)미래엔에듀파트너,208890,2017/12,144,162,162,144,162,144,162,322834,162,0
(주)미래엔에듀파트너,208890,2018/12,0,240,240,0,240,210,240,477967,240,0
(주)미래엔에듀파트너,208890,2019/12,0,79,79,177,79,177,79,159474,79,0
(주)미래엔에듀파트너,208890,2020/12,-1,-1264,-1264,-1490,-1264,-1490,-1264,-3089736,-1264,0
(주)미래엔에듀파트너,208890,2021/12,-1,-1289,-1289,-1293,-1289,-1293,-1289,-4060835,-1289,0
(주)미래엔에듀파트너,208890,2022/12,0,-266,-266,-300,-266,-300,-266,-838127,-266,0
(주)바스칸바이오제약,354390,2022/12,,24,24,,24,,24,167673,24,0
(주)바이오인프라생명과학,266470,2020/12,-327,-327,-327,-327,-327,-327,-327,-4524428,-327,0
(주)바이오인프라생명과학,266470,2021/12,,-166,-166,,-166,,-166,-2447669,-166,0
(주)바이오인프라생명과학,266470,2022/12,,-103,-103,,-103,,-103,-1455362,-103,0
(주)바이오프로테크,199290,2016/12,,,-1094,,,,-1094,-2621947,-1094,0
(주)바이오프로테크,199290,2017/12,,,-1850,,,,-1850,-5199154,-1850,0
(주)바이오프로테크,199290,2018/12,,,-20,,,,-20,63541,-20,0
(주)바이오프로테크,199290,2019/12,,,-6201,,,,-6201,-4487693,-1407,0
(주)바이오프로테크,199290,2020/12,,,-1437,,,,-1437,-9637147,-2989,0
(주)바이오프로테크,199290,2021/12,,,-466,,,,-466,-2413383,-466,0
(주)바이오프로테크,199290,2022/12,,,252,,,99,252,3736044,252,0
(주)볼빅,206950,2015/12,,,36,,,,36,142207,36,0
(주)볼빅,206950,2016/12,,,200,,,,200,801106,200,0
(주)볼빅,206950,2017/12,,,-502,,,,-502,-2013328,-502,0
(주)볼빅,206950,2018/12,,,616,,,,616,2539264,616,0
(주)볼빅,206950,2019/12,,,-1780,,,,-1780,-7446766,-1780,0
(주)볼빅,206950,2020/12,,,-781,,,,-781,-3265490,-781,0
(주)볼빅,206950,2021/12,,,-927,,,,-927,-3877992,-927,0
(주)볼빅,206950,2022/12,,,-2008,,,0,-2008,-9989352,-2008,0
(주)블루탑,191600,2016/12,,443,443,,443,,443,1150649,443,0
(주)블루탑,191600,2017/12,,-209,-209,,-209,,-209,-542517,-209,0
(주)블루탑,191600,2018/12,,230,230,,230,,230,598426,230,0
(주)블루탑,191600,2019/12,,168,168,,168,,168,436721,168,0
(주)블루탑,191600,2020/12,,-748,-748,,-748,,-748,-1301014,-468,0
(주)블루탑,191600,2021/12,,-579,-579,,-579,,-579,-1458278,-512,0
(주)블루탑,191600,2022/12,,213,213,,213,,213,605896,213,0
(주)비엘헬스케어,086220,2015/12,,-278,-278,,-278,,-278,-2032287,-278,0
(주)비엘헬스케어,086220,2016/12,,94,94,,94,,94,692210,94,0
(주)비엘헬스케어,086220,2017/12,,266,266,,266,,266,2230138,266,0
(주)비엘헬스케어,086220,2018/12,,46,46,,46,,46,434508,46,0
(주)비엘헬스케어,086220,2019/12,,-1290,-1290,,-1290,,-1290,-13639584,-1290,0
(주)비엘헬스케어,086220,2020/12,,330,330,,330,,330,3487270,330,0
(주)비엘헬스케어,086220,2021/12,,41,41,,41,,41,438500,41,0
(주)비엘헬스케어,086220,2022/12,,66,66,,66,,66,700928,66,0
(주)셀젠텍,258250,2016/12,,,178,,,,178,592550,178,0
(주)셀젠텍,258250,2017/12,,,213,,,,213,811801,213,0
(주)셀젠텍,258250,2018/12,,,266,,,,266,1030844,266,0
(주)셀젠텍,258250,2019/12,,,144,,,,144,561767,144,0
(주)셀젠텍,258250,2020/12,,385,385,,385,,385,1551009,385,0
(주)셀젠텍,258250,2021/12,,472,472,,472,,472,2106524,472,0
(주)셀젠텍,258250,2022/12,,321,321,,321,,321,1444928,321,0
(주)수프로,185190,2014/03,,,629,,,,629,209000,629,0
(주)수프로,185190,2015/03,,,40,,,,40,131964,40,0
(주)수프로,185190,2016/03,,,45,,,,45,150763,45,0
(주)수프로,185190,2017/03,,,-581,,,,-581,-1917582,-581,0
(주)수프로,185190,2018/03,,,107,,,,107,365717,107,0
(주)수프로,185190,2019/03,,,-172,,,,-172,-606188,-172,0
(주)수프로,185190,2020/03,,-112,-112,,-112,,-112,-412119,-112,0
(주)수프로,185190,2021/03,,195,195,,195,,195,722225,195,0
(주)수프로,185190,2022/03,,145,145,,145,,145,537413,145,0
(주)수프로,185190,2023/03,,51,51,,51,,51,471406,51,0
(주)썬테크,217320,2015/12,,,198,,,,198,206893,198,0
(주)썬테크,217320,2016/12,,,423,,,,423,445875,423,0
(주)썬테크,217320,2017/12,,,151,,,,151,234279,151,0
(주)썬테크,217320,2018/12,,,-1550,,,,-1550,-1627118,-1550,0
(주)썬테크,217320,2019/12,,,-316,,,,-316,-331478,-316,0
(주)썬테크,217320,2020/12,,,83,,,,83,138219,83,0
(주)썬테크,217320,2021/12,,,301,,,,301,447217,301,0
(주)썬테크,217320,2022/12,,,-396,,,-377,-396,-395541,-396,0
(주)씨알푸드,236030,2017/12,,,772,,,,768,1539002,768,0
(주)씨알푸드,236030,2018/12,,,156,,,,156,348475,156,0
(주)씨알푸드,236030,2019/12,,,131,,,,131,258438,131,0
(주)씨알푸드,236030,2020/12,,,-1321,,,,-1321,-2614618,-1321,0
(주)씨알푸드,236030,2021/12,,,-838,,,,-838,-1659137,-838,0
(주)씨알푸드,236030,2022/12,,,-1854,,,,-1854,-3671205,-1854,0
(주)씨앗,103660,2015/12,,,-1166,,,,-1166,-1488734,-847,0
(주)씨앗,103660,2016/12,,,219,,,,219,566305,219,0
(주)씨앗,103660,2017/12,,,-1308,,,,-1308,1575897,604,0
(주)씨앗,103660,2018/12,,,-553,,,,-553,182721,22,0
(주)씨앗,103660,2019/12,,,-550,,,,-550,168086,20,0
(주)씨앗,103660,2020/12,-1,-1001,-1001,-1033,-1001,-1033,-1001,-4158901,-1001,0
(주)씨앗,103660,2021/12,0,-402,-402,0,-402,0,-402,-1385483,-231,0
(주)씨앗,103660,2022/12,0,-82,-82,-90,-82,-90,-82,-494261,-82,0
(주)씨앤에스링크,245450,2016/12,,,-912,,,,-912,-860487,-912,0
(주)씨앤에스링크,245450,2017/12,,,-601,,,,-601,-624661,-601,0
(주)씨앤에스링크,245450,2018/12,,,208,,,,208,216644,208,0
(주)씨앤에스링크,245450,2019/12,,,-1116,,,,-1116,-1763614,-1116,0
(주)씨앤에스링크,245450,2020/12,,,352,,,,352,555908,352,0
(주)씨앤에스링크,245450,2021/12,,,69,,,,69,108702,69,0
(주)씨앤에스링크,245450,2022/12,,,-261,,,,-261,-412588,-261,0
(주)씨엔티드림,286000,2020/12,,,-1224,,,,-1224,-6057116,-1224,0
(주)씨엔티드림,286000,2021/12,,,-680,,,,-680,-3361433,-680,0
(주)씨엔티드림,286000,2022/12,,,-1680,,,,-1680,-7867363,-1680,0
(주)아이오바이오,447690,2022/12,,,-406,,,-406,-406,-1515055,-406,0
(주)아하,102950,2023/03,0,346,346,0,346,0,346,4416992,346,0
(주)안지오랩,251280,2016/12,,,-520,,,,-520,-938952,-520,0
(주)안지오랩,251280,2017/12,,,-840,,,,-840,-1516886,-840,0
(주)안지오랩,251280,2018/12,,-5132,-5132,,-5132,,-5132,-9268573,-5132,0
(주)안지오랩,251280,2019/12,,-4299,-4299,,-4299,,-4299,-8083799,-4299,0
(주)안지오랩,251280,2020/12,,-378,-378,,-378,,-378,-850365,-378,0
(주)안지오랩,251280,2021/12,,-785,-785,,-785,,-785,-2069925,-785,0
(주)안지오랩,251280,2022/12,,-738,-738,,-738,,-738,-2011162,-738,0
(주)엄지하우스,224810,2015/12,,,880,,,,880,2082013,880,0
(주)엄지하우스,224810,2016/12,,-46,-46,,-46,,-46,-176273,-46,0
(주)엄지하우스,224810,2017/12,,656,656,,656,,656,2756325,656,0
(주)엄지하우스,224810,2018/12,,538,538,,538,,538,2260694,538,0
(주)엄지하우스,224810,2019/12,,484,484,,484,,484,2032689,484,0
(주)엄지하우스,224810,2020/12,,841,841,,841,,841,3531347,841,0
(주)엄지하우스,224810,2021/12,,161,161,,161,,161,654990,161,0
(주)엄지하우스,224810,2022/12,,-2379,-2379,,-2379,,-2379,-9655928,-2379,0
(주)에스알바이오텍,270210,2017/12,,,-2504,,,,-2504,-1103138,-2504,0
(주)에스알바이오텍,270210,2018/12,,,-2182,,,,-2182,-1009778,-2182,0
(주)에스알바이오텍,270210,2019/12,,,-1501,,,,-1501,-694530,-1501,0
(주)에스알바이오텍,270210,2020/12,,,-1825,,,,-1825,-1335935,-1825,0
(주)에스알바이오텍,270210,2021/12,,,-676,,,,-676,-545662,-676,0
(주)에스알바이오텍,270210,2022/12,,,-897,,,,-897,-956920,-897,0
(주)에스엘테라퓨틱스,258540,2016/12,,,-2010,,,,-2010,-2105638,-2010,0
(주)에스엘테라퓨틱스,258540,2017/12,,,-3534,,,,-3534,-4335849,-3534,0
(주)에스엘테라퓨틱스,258540,2018/12,,,-2168,,,,-2168,-3212631,-2168,0
(주)에스엘테라퓨틱스,258540,2019/12,,,-3111,,,,-3111,-5255441,-3111,0
(주)에스엘테라퓨틱스,258540,2020/12,,,-2263,,,,-2263,-3864455,-2263,0
(주)에스엘테라퓨틱스,258540,2021/12,,,-1382,,,,-1382,-7096780,-1382,0
(주)에스엘테라퓨틱스,258540,2022/12,,,-381,,,,-381,-2437100,-381,0
(주)에스엠비나,299670,2018/12,,,2229,,,,2229,2429472,2229,0
(주)에스엠비나,299670,2019/12,,464,464,,464,,464,2530103,464,0
(주)에스엠비나,299670,2020/12,,746,746,,746,,746,4065115,746,0
(주)에스엠비나,299670,2021/12,,22,22,,22,,22,119960,22,0
(주)에스엠비나,299670,2022/12,,-568,-568,,-568,,-568,-3095499,-568,0
(주)에스제이켐,217910,2018/12,,,19,,,,19,246242,19,0
(주)에스제이켐,217910,2019/12,,,14,,,,14,187934,14,0
(주)에스제이켐,217910,2020/12,,,15,,,,15,195157,15,0
(주)에스제이켐,217910,2021/12,,,-122,,,,-122,-1585559,-122,0
(주)에스제이켐,217910,2022/12,,,-54,,,,-54,-701051,-54,0
(주)에스케이씨에스,224020,2016/12,,,182,,,,182,493426,182,0
(주)에스케이씨에스,224020,2017/12,,,-1702,,,,-1702,-5233257,-1702,0
(주)에스케이씨에스,224020,2018/12,,-387,-387,,-387,,-387,-1045861,-387,0
(주)에스케이씨에스,224020,2019/12,,-31,-31,,-31,,-31,-83081,-31,0
(주)에스케이씨에스,224020,2020/12,,-856,-856,,-856,,-856,-2320427,-856,0
(주)에스케이씨에스,224020,2021/12,,10,10,,10,,10,30193,10,0
(주)에스케이씨에스,224020,2022/12,,-1176,-1176,,-1176,,-1176,-4056183,-1176,0
(주)에이아이더뉴트리진,311960,2022/12,0,-255,-255,0,-255,0,-255,-780815,-255,0
(주)에이원알폼,234070,2015/12,0,443,443,0,443,0,443,1639911,443,0
(주)에이원알폼,234070,2016/12,1917,1917,1917,1917,1917,1917,1917,7372638,1917,0
(주)에이원알폼,234070,2017/12,1153,1153,1153,1153,1153,1153,1153,4650740,1153,0
(주)에이원알폼,234070,2018/12,,349,349,,349,,349,1348082,349,0
(주)에이원알폼,234070,2019/12,,-342,-342,,-342,,-342,-1206965,-342,0
(주)에이원알폼,234070,2020/12,,-2750,-2750,,-2750,,-2750,-9830659,-2750,0
(주)에이원알폼,234070,2021/12,,-4789,-4789,,-4789,,-4789,-12062938,-4789,0
(주)에이원알폼,234070,2022/12,,1955,1955,,1955,,1955,10531411,1955,0
(주)엔솔바이오사이언스,140610,2018/12,0,-449,-449,0,-449,-451,-449,-3787774,-449,0
(주)엔솔바이오사이언스,140610,2019/12,-524,-523,-523,-524,-523,-524,-523,-4505970,-523,0
(주)엔솔바이오사이언스,140610,2020/12,,-1168,-1168,,-1168,,-1168,-10167199,-1168,0
(주)엔솔바이오사이언스,140610,2021/12,,-1030,-1030,,-1030,,-1030,-9799767,-1030,0
(주)엔솔바이오사이언스,140610,2022/12,,-511,-511,,-511,,-511,-4914569,-511,0
(주)엔에스엠,238170,2019/12,0,43,43,0,43,0,43,842431,43,0
(주)엔에스엠,238170,2020/12,0,136,136,0,136,0,136,2778643,136,0
(주)엔에스엠,238170,2021/12,0,-6,-6,0,-6,0,-6,-125023,-6,0
(주)엔에스엠,238170,2022/12,0,-44,-44,0,-44,0,-44,-910213,-44,0
(주)엔지브이아이,093510,2019/12,,,13,,,,13,80299,13,0
(주)엔지브이아이,093510,2020/12,,,-45,,,,-45,-268369,-45,0
(주)엔지브이아이,093510,2021/12,,,-164,,,,-164,-987024,-164,0
(주)엔지브이아이,093510,2022/12,,,-290,,,,-290,-1745479,-290,0
(주)엘리비젼,276240,2018/12,,,-417,,,,-417,-976937,-417,0
(주)엘리비젼,276240,2019/12,,,-512,,,,-512,-2524889,-512,0
(주)엘리비젼,276240,2020/12,,,-351,,,,-351,-1953069,-351,0
(주)엘리비젼,276240,2021/12,,,-94,,,,-94,-625117,-94,0
(주)엘리비젼,276240,2022/12,,,-71,,,,-71,-528604,-71,0
(주)엘에이티,311060,2018/12,,,438,,,,438,463877,438,0
(주)엘에이티,311060,2019/12,,,-60,,,,-60,-135278,-60,0
(주)엘에이티,311060,2020/12,,,171,,,,171,436520,171,0
(주)엘에이티,311060,2021/12,,,-384,,,,-384,-981763,-384,0
(주)엘에이티,311060,2022/12,,406,406,,406,,406,1134279,406,0
(주)원포유,122830,2020/12,,,161,,,,161,1060355,161,0
(주)원포유,122830,2021/12,,,341,,,,341,2236522,341,0
(주)원포유,122830,2022/12,,6,6,,6,,6,198338,6,0
(주)유엑스엔,337840,2019/12,,,-463,,,,-463,-1326059,-463,0
(주)유엑스엔,337840,2020/12,,,-926,,,,-926,-2935459,-926,0
(주)유엑스엔,337840,2021/12,,,-1115,,,,-1115,-3138417,-1115,0
(주)유엑스엔,337840,2022/12,,,-1590,,,,-1590,-5474486,-1590,0
(주)이노벡스,279060,2019/12,,,6,,,,6,37026,6,0
(주)이노벡스,279060,2020/12,,-867,-867,,-867,,-867,-5320893,-867,0
(주)이노벡스,279060,2021/12,,-376,-376,,-376,,-376,-2510677,-376,0
(주)이노벡스,279060,2022/12,,-292,-292,,-292,,-292,-2319722,-292,0
(주)이앤에치,341310,2019/12,0,-209,-209,0,-209,0,-209,-3612828,-209,0
(주)이앤에치,341310,2020/12,1,772,772,760,772,760,772,13343909,772,0
(주)이앤에치,341310,2021/12,0,197,197,220,197,220,197,3401109,197,0
(주)이앤에치,341310,2022/12,-1,-749,-749,-767,-749,-767,-749,-12949164,-749,0
(주)이엠비,278990,2017/12,0,-40,-40,0,-40,0,-40,-135074,-40,0
(주)이엠비,278990,2018/12,-1,-827,-827,-787,-827,-787,-827,-2904416,-827,0
(주)이엠비,278990,2019/12,0,47,47,0,47,0,47,171953,47,0
(주)이엠비,278990,2020/12,0,345,345,0,345,0,345,1226463,345,0
(주)이엠비,278990,2021/12,0,312,312,429,312,429,312,1111638,312,0
(주)이엠비,278990,2022/12,0,-358,-358,-135,-358,-135,-358,-1276212,-358,0
(주)제노텍,066830,2016/12,,-176,-176,,-176,,-176,-858579,-176,0
(주)제노텍,066830,2017/12,,-637,-637,,-637,,-637,-3138603,-637,0
(주)제노텍,066830,2018/12,,-202,-202,,-202,,-202,-994650,-202,0
(주)제노텍,066830,2019/12,,1,1,,1,,1,3733,1,0
(주)제노텍,066830,2020/12,,642,642,,642,,642,3552792,642,0
(주)제노텍,066830,2021/12,,557,557,,557,,557,3156418,557,0
(주)제노텍,066830,2022/12,,310,310,,310,,310,1754827,310,0
(주)제이엠멀티,254160,2021/12,,,552,,,,552,2849834,552,0
(주)제이엠멀티,254160,2022/12,,,-54,,,-54,-54,-276230,-54,0
(주)젬,248020,2021/12,,,-9399,,,,-9399,-685000,-1666,0
(주)젬,248020,2022/12,,,-539,,,-555,-539,-2569303,-539,0
(주)지앤이헬스케어,299480,2018/12,,,91,,,,91,925147,91,0
(주)지앤이헬스케어,299480,2019/12,,,-142,,,,-142,-1571530,-142,0
(주)지앤이헬스케어,299480,2020/12,,,49,,,,49,540358,49,0
(주)지앤이헬스케어,299480,2021/12,,,-85,,,,-85,-946614,-85,0
(주)지앤이헬스케어,299480,2022/12,,,-41,,,0,-41,-458202,-41,0
(주)지에프씨생명과학,388610,2022/12,,,251,,,,251,327303,251,0
(주)진코스텍,250030,2019/12,,,715,,,,715,1725664,715,0
(주)진코스텍,250030,2020/12,0,855,855,0,855,0,855,2057618,855,0
(주)진코스텍,250030,2021/12,0,-130,-130,-149,-130,-149,-130,-333442,-130,0
(주)진코스텍,250030,2022/12,-1798,-1798,-1798,-1798,-1798,-1798,-1798,-4656558,-1798,0
(주)질경이,233990,2015/12,,,275,,,,275,744346,275,0
(주)질경이,233990,2016/12,-1097,-1097,-1097,-1097,-1097,-1097,-1097,-13747117,-1097,0
(주)질경이,233990,2017/12,-130,-127,-127,-130,-127,-130,-127,-1701100,-127,0
(주)질경이,233990,2018/12,0,-206,-206,0,-206,-226,-206,-2774947,-206,0
(주)질경이,233990,2019/12,0,-98,-98,0,-98,0,-98,-1335084,-98,0
(주)질경이,233990,2020/12,0,-67,-67,0,-67,0,-67,-936700,-67,0
(주)질경이,233990,2021/12,0,-144,-144,-159,-144,-159,-144,-2005106,-144,0
(주)질경이,233990,2022/12,0,-78,-78,-79,-78,-79,-78,-1095595,-78,0
(주)카이바이오텍,446600,2022/12,,,-582,,,,-582,-571495,-582,0
(주)케이씨산업,112190,2016/12,,,87,,,,87,439210,87,0
(주)케이씨산업,112190,2017/12,,132,132,,132,,132,669687,132,0
(주)케이씨산업,112190,2018/12,,647,647,,647,,647,4288953,647,0
(주)케이씨산업,112190,2019/12,,231,231,,231,,231,1594732,231,0
(주)케이씨산업,112190,2020/12,,236,236,,236,,236,1680226,236,0
(주)케이씨산업,112190,2021/12,,170,170,,170,,170,1211299,170,0
(주)케이씨산업,112190,2022/12,,60,60,,60,,60,430988,60,0
(주)켈스,402420,2021/12,,,-26,,,,-26,-48513,-26,0
(주)켈스,402420,2022/12,,-36,-36,,-36,,-36,-80836,-36,0
(주)코나솔,176590,2022/12,,,246,,,,246,1432861,246,0
(주)코셋,189350,2013/12,,,409,,,,409,1635000,409,0
(주)코셋,189350,2014/12,,,-711,,,,-711,-2843303,-711,0
(주)코셋,189350,2015/12,,,230,,,,230,920120,230,0
(주)코셋,189350,2016/12,,,248,,,,248,993053,248,0
(주)코셋,189350,2017/12,,,143,,,,143,571618,143,0
(주)코셋,189350,2018/12,,,-664,,,,-664,-2656239,-664,0
(주)코셋,189350,2019/12,,,-790,,,,-790,-3161856,-790,0
(주)코셋,189350,2020/12,,,-60,,,,-60,-240791,-60,0
(주)코셋,189350,2021/12,,,-1248,,,,-1248,-5799631,-1248,0
(주)코셋,189350,2022/12,,,-361,,,,-361,-1734655,-361,0
(주)큐러블,086460,2013/12,,,-132,,,,-132,-237000,-132,0
(주)큐러블,086460,2014/12,,,831,,,,831,1421293,831,0
(주)큐러블,086460,2015/12,,,1435,,,,1435,2567821,1435,0
(주)큐러블,086460,2016/12,,,-667,,,,-667,-1217336,-667,0
(주)큐러블,086460,2017/12,,,641,,,,641,1169779,641,0
(주)큐러블,086460,2018/12,,,2884,,,,2884,5260856,2884,0
(주)큐러블,086460,2019/12,,,-2012,,,,-2012,-3668833,-2012,0
(주)큐러블,086460,2020/12,,,2359,,,,2359,4302065,2359,0
(주)큐러블,086460,2021/12,,,-2044,,,,-2044,-3695956,-2044,0
(주)큐러블,086460,2022/12,-1,-645,-645,-645,-645,-645,-645,-1355044,-645,0
(주)큐엠씨,136660,2014/12,,-5466,-5466,,-5466,,-5466,-4145107,-5466,0
(주)큐엠씨,136660,2015/12,,,-19159,,,,-19159,-13616100,-17957,0
(주)큐엠씨,136660,2016/12,,,-5510,,,,-5510,-4045860,-5336,0
(주)큐엠씨,136660,2017/12,3956,3433,3433,3956,3433,3956,3433,2789036,3433,0
(주)큐엠씨,136660,2018/12,0,236,236,0,236,246,236,2155494,236,0
(주)큐엠씨,136660,2019/12,,-907,-907,,-907,,-907,-8526276,-907,0
(주)큐엠씨,136660,2020/12,,-264,-264,,-264,,-264,-2447128,-264,0
(주)큐엠씨,136660,2021/12,,-632,-632,,-632,,-632,-5866086,-632,0
(주)큐엠씨,136660,2022/12,,-258,-258,,-258,,-258,-2395141,-258,0
(주)타스컴,336040,2019/12,,,-1011,,,,-1011,-2311088,-1011,0
(주)타스컴,336040,2020/12,,,-1474,,,,-1474,-2986338,-1275,0
(주)타스컴,336040,2021/12,,,-11766,,,,-11766,-40866576,-11766,0
(주)타스컴,336040,2022/12,,,-1147,,,,-1147,-4695289,-1147,0
(주)타이드,346010,2022/12,,,-454,,,,-454,-2207485,-454,0
(주)타임기술,318660,2021/12,,,79,,,,79,168808,79,0
(주)타임기술,318660,2022/12,,,87,,,,87,187481,87,0
(주)탈로스,434190,2022/12,,321,321,,321,,321,885239,321,0
(주)테크엔,308700,2018/12,,,144,,,,144,117140,144,0
(주)테크엔,308700,2019/12,,,-396,,,,-396,-1583005,-396,0
(주)테크엔,308700,2020/12,,,36,,,,36,143363,36,0
(주)테크엔,308700,2021/12,,,-299,,,,-299,-1196186,-299,0
(주)테크엔,308700,2022/12,,,-422,,,,-422,-1689540,-422,0
(주)테크트랜스,258050,2018/12,,,-388,,,,-388,-2010798,-388,0
(주)테크트랜스,258050,2019/12,,,0,,,,-315,-2152910,-315,0
(주)테크트랜스,258050,2020/12,,,-240,,,,-240,-1674524,-240,0
(주)테크트랜스,258050,2021/12,,,-138,,,,-138,-1060916,-138,0
(주)테크트랜스,258050,2022/12,,,-166,,,,-166,-1361828,-166,0
(주)티엘엔지니어링,413300,2022/12,,,-385,,,,-385,-474130,-385,0
(주)틸론,217880,2015/12,,,-586,,,,-586,-1527451,-586,0
(주)틸론,217880,2016/12,,,-71,,,,-71,137319,41,0
(주)틸론,217880,2017/12,,,-51,,,,-51,628672,188,0
(주)틸론,217880,2018/12,,,331,,,,331,917168,274,0
(주)틸론,217880,2019/12,,,-1730,,,,-1730,-6740743,-2025,0
(주)틸론,217880,2020/12,,,-2612,,,,-2612,-7851209,-2345,0
(주)틸론,217880,2021/12,,,241,,,,241,924454,241,0
(주)틸론,217880,2022/12,0,-365,-365,-369,-365,-369,-365,-1909110,-365,0
(주)파마리서치바이오,217950,2015/12,,,-319,,,,-319,-823471,-319,0
(주)파마리서치바이오,217950,2016/12,,,-1387,,,,-1387,-4457812,-1387,0
(주)파마리서치바이오,217950,2017/12,,,-1840,,,,-1840,-6305570,-1840,0
(주)파마리서치바이오,217950,2018/12,,,-418,,,,-418,-1632263,-418,0
(주)파마리서치바이오,217950,2019/12,,-210,-210,,-210,,-210,-851217,-210,0
(주)파마리서치바이오,217950,2020/12,,5,5,,5,,5,21230,5,0
(주)파마리서치바이오,217950,2021/12,,571,571,,571,,571,2310520,571,0
(주)파마리서치바이오,217950,2022/12,,1833,1833,,1833,,1833,7418259,1833,0
(주)파워풀엑스,266870,2017/12,,,210,,,,210,1135257,210,0
(주)파워풀엑스,266870,2018/12,,,33,,,,33,202282,33,0
(주)파워풀엑스,266870,2019/12,,-110,-110,,-110,,-110,-692234,-110,0
(주)파워풀엑스,266870,2020/12,,49,49,,49,,49,307472,49,0
(주)파워풀엑스,266870,2021/12,,-30,-30,,-30,,-30,-190180,-30,0
(주)파워풀엑스,266870,2022/12,,428,428,,428,,428,2700912,428,0
(주)판도라티비,202960,2014/12,,231,231,,231,,231,1197861,231,0
(주)판도라티비,202960,2015/12,-146,-140,-140,-146,-140,-146,-140,-1499891,-140,0
(주)판도라티비,202960,2016/12,40,26,26,40,26,40,26,282182,26,0
(주)판도라티비,202960,2017/12,160,77,77,160,77,160,77,869432,77,0
(주)판도라티비,202960,2018/12,0,-208,-208,0,-208,-201,-208,-2440186,-208,0
(주)판도라티비,202960,2019/12,-96,9,9,-96,9,-96,9,111246,9,0
(주)판도라티비,202960,2020/12,0,8,8,0,8,0,8,91749,8,0
(주)판도라티비,202960,2021/12,197,172,172,197,172,197,172,2029861,172,0
(주)판도라티비,202960,2022/12,0,37,37,67,37,67,37,443023,37,0
(주)펨토바이오메드,327610,2019/12,,-880,-880,,-880,,-880,-4548697,-880,0
(주)펨토바이오메드,327610,2020/12,,-1,-1,,-648,,-648,-3570699,-648,0
(주)펨토바이오메드,327610,2021/12,,-1116,-1116,,-1116,,-1116,-9335939,-1116,0
(주)펨토바이오메드,327610,2022/12,,-146,-146,,-146,,-146,-1225297,-146,0
(주)플럼라인생명과학,222670,2015/12,,,-3503,,,,-3503,-7023721,-3503,0
(주)플럼라인생명과학,222670,2016/12,,,-1356,,,,-1356,-3183301,-1356,0
(주)플럼라인생명과학,222670,2017/12,,,-1500,,,,-1500,-3579072,-1500,0
(주)플럼라인생명과학,222670,2018/12,,,-1448,,,,-1448,-3207419,-1448,0
(주)플럼라인생명과학,222670,2019/12,,,-1898,,,,-1898,-4390201,-1898,0
(주)플럼라인생명과학,222670,2020/12,,,-569,,,,-569,-1531637,-569,0
(주)플럼라인생명과학,222670,2021/12,,,-653,,,,-653,-1814877,-653,0
(주)플럼라인생명과학,222670,2022/12,,,-626,,,,-626,-1761415,-626,0
(주)피노텍,150440,2014/12,,,-353,,,,-353,-2369349,-353,0
(주)피노텍,150440,2015/12,,,-196,,,,-196,-1495145,-196,0
(주)피노텍,150440,2016/12,,-277,-277,,-277,,-277,-2422742,-277,0
(주)피노텍,150440,2017/12,,-386,-386,,-386,,-386,-3591269,-386,0
(주)피노텍,150440,2018/12,0,60,60,0,60,77,60,575093,60,0
(주)피노텍,150440,2019/12,0,-164,-164,-182,-164,-182,-164,-1564240,-164,0
(주)피노텍,150440,2020/12,,-104,-104,,-104,,-104,-990981,-104,0
(주)피노텍,150440,2021/12,,-268,-268,,-268,,-268,-2560990,-268,0
(주)피노텍,150440,2022/12,,-1054,-1054,,-1054,,-1054,-10082280,-1054,0
(주)한국미라클피플사,331660,2019/12,,,-2053,,,,-2053,-2242511,-2053,0
(주)한국미라클피플사,331660,2020/12,,492,492,,492,,492,597320,492,0
(주)한국미라클피플사,331660,2021/12,,-2693,-2693,,-2693,,-2693,-2947448,-2693,0
(주)한국미라클피플사,331660,2022/12,,-609,-609,,-609,,-609,-654851,-609,0
(주)한중엔시에스,107640,2013/12,0,150,150,0,150,0,150,923000,145,0
(주)한중엔시에스,107640,2014/12,,,-34,,,,-34,-207489,-34,0
(주)한중엔시에스,107640,2015/12,,,85,,,,85,576036,85,0
(주)한중엔시에스,107640,2016/12,-290,-292,-292,-290,-292,-290,-292,-1080603,-292,0
(주)한중엔시에스,107640,2017/12,-343,-156,-156,-343,-156,-343,-156,-579322,-156,0
(주)한중엔시에스,107640,2018/12,0,219,219,0,219,322,219,832221,219,0
(주)한중엔시에스,107640,2019/12,0,154,154,77,154,77,154,585976,154,0
(주)한중엔시에스,107640,2020/12,-1,-1036,-1036,-1125,-1036,-1125,-1036,-3931754,-1036,0
(주)한중엔시에스,107640,2021/12,-478,-431,-431,-478,-431,-478,-431,-1678455,-431,0
(주)한중엔시에스,107640,2022/12,0,-4000,-4000,0,-4000,0,-4000,-20985308,-4000,0
(주)휴벡셀,212310,2016/12,,,-709,,,,-709,-217746,-141,0
(주)휴벡셀,212310,2017/12,,,-792,,,,-792,-2456828,-1271,0
(주)휴벡셀,212310,2018/12,,,-471,,,-1310,-471,-955354,-471,0
(주)휴벡셀,212310,2019/12,,,-91409,,,-45779,-91409,-11775772,-91409,0
(주)휴벡셀,212310,2020/12,,,-1114,,,-1138,-1114,-4569781,-1114,0
(주)휴벡셀,212310,2021/12,,,-1068,,,0,-1068,-5236216,-1068,0
(주)휴벡셀,212310,2022/12,,,-491,,,-572,-491,-3062785,-491,0
대동고려삼(주),178600,2014/06,,,237,,,,237,1044405,237,0
대동고려삼(주),178600,2015/06,,,391,,,,391,1718657,391,0
대동고려삼(주),178600,2016/06,,,459,,,,459,2018000,459,0
대동고려삼(주),178600,2017/06,,,450,,,,450,1981142,450,0
대동고려삼(주),178600,2018/06,,,234,,,,234,1031000,234,0
대동고려삼(주),178600,2019/06,,,317,,,,317,1408953,317,0
대동고려삼(주),178600,2020/06,,,476,,,,476,2116018,476,0
대동고려삼(주),178600,2021/06,,,523,,,,523,2327425,523,0
대동고려삼(주),178600,2022/06,,,484,,,,484,2154681,484,0
대동고려삼(주),178600,2023/06,,,586,,,,586,2608367,586,0
도부마스크 (주),227420,2016/12,0,-207,-207,0,-207,0,-207,-1325079,-207,0
도부마스크 (주),227420,2017/12,-990,-732,-732,-990,-732,-990,-732,-5394905,-732,0
도부마스크 (주),227420,2018/12,-428,-435,-435,0,-435,-428,-435,-3303552,-435,0
도부마스크 (주),227420,2019/12,0,-713,-713,0,-713,0,-713,-4403837,-580,0
도부마스크 (주),227420,2020/12,,3432,3432,,3432,,3432,26351761,3432,0
도부마스크 (주),227420,2021/12,,-1158,-1158,,-1158,,-1158,-9974008,-1158,0
도부마스크 (주),227420,2022/12,,-909,-909,,-909,,-909,-15668206,-909,0
럭스피아(주),092590,2015/12,,,86,,,,86,632625,86,0
럭스피아(주),092590,2016/12,,,57,,,,57,421173,57,0
럭스피아(주),092590,2017/12,,,81,,,,81,591689,81,0
럭스피아(주),092590,2018/12,,,77,,,,77,564281,77,0
럭스피아(주),092590,2019/12,,,222,,,,222,1617527,222,0
럭스피아(주),092590,2020/12,,,454,,,,454,3310239,454,0
럭스피아(주),092590,2021/12,,,128,,,,128,933480,128,0
럭스피아(주),092590,2022/12,,,52,,,,52,381450,52,0
베른(주),322190,2020/12,,,-284,,,,-284,-1883159,-284,0
베른(주),322190,2021/12,,,-428,,,,-428,-3573082,-428,0
베른(주),322190,2022/12,,,-385,,,-392,-385,-3415086,-385,0
뿌리깊은나무들(주),266170,2017/12,0,59,59,0,59,0,59,116202,59,0
뿌리깊은나무들(주),266170,2018/12,0,-702,-702,0,-702,0,-702,-1438058,-702,0
뿌리깊은나무들(주),266170,2019/12,-2653,-2607,-2607,-2653,-2607,-2653,-2607,-5847649,-2607,0
뿌리깊은나무들(주),266170,2020/12,,110,110,,110,,110,588833,110,0
뿌리깊은나무들(주),266170,2021/12,0,-963,-963,0,-963,0,-963,-5585967,-963,0
뿌리깊은나무들(주),266170,2022/12,0,-222,-222,0,-222,0,-222,-1292534,-222,0
아이케이세미콘(주),149010,2014/12,,,192,,,,192,600304,192,0
아이케이세미콘(주),149010,2015/12,-642,-633,-633,-642,-633,-642,-633,-1931663,-633,0
아이케이세미콘(주),149010,2016/12,424,414,414,424,414,424,414,1267822,414,0
아이케이세미콘(주),149010,2017/12,154,166,166,154,166,154,166,514838,166,0
아이케이세미콘(주),149010,2018/12,0,134,134,0,134,137,134,419298,134,0
아이케이세미콘(주),149010,2019/12,0,190,190,194,190,194,190,591779,190,0
아이케이세미콘(주),149010,2020/12,0,190,190,196,190,196,190,592481,190,0
아이케이세미콘(주),149010,2021/12,1,566,566,593,566,593,566,1766914,566,0
아이케이세미콘(주),149010,2022/12,1,957,957,969,957,969,957,2985847,957,0
아퓨어스(주),149300,2015/12,,,,,,,,,,
아퓨어스(주),149300,2016/12,,,,,,,,,,
아퓨어스(주),149300,2017/12,,,,,,,,,,
아퓨어스(주),149300,2018/12,,,,,,,,,,
아퓨어스(주),149300,2019/12,,-289,-289,,-289,,-289,-7811481,-289,0
아퓨어스(주),149300,2020/12,,-417,-417,,-417,,-417,-11280079,-417,0
아퓨어스(주),149300,2021/12,,-83,-83,,-83,,-83,-2754976,-83,0
아퓨어스(주),149300,2022/12,,-144,-144,,-144,,-144,-5236804,-144,0
애니메디솔루션(주),390110,2022/12,,-791,-791,,-791,,-791,-7014810,-791,0
에스케이시그넷(주),260870,2017/12,,,-259,,,,-259,-1176752,-259,0
에스케이시그넷(주),260870,2018/12,,,-1664,,,,-1664,-7539176,-1664,0
에스케이시그넷(주),260870,2019/12,,,-442,,,,-442,-1802809,-442,0
에스케이시그넷(주),260870,2020/12,,,258,,,,258,1533645,258,0
에스케이시그넷(주),260870,2021/12,,,-499,,,,-499,-268706,-499,0
에스케이시그넷(주),260870,2022/12,,,356,,,343,356,7446019,356,0
에이치엔에스하이텍(주),044990,2015/12,-122,-138,-138,-122,-138,-122,-138,-997976,-138,0
에이치엔에스하이텍(주),044990,2016/12,-25,4,4,-25,4,-25,4,29373,4,0
에이치엔에스하이텍(주),044990,2017/12,0,208,208,0,208,0,208,1559542,208,0
에이치엔에스하이텍(주),044990,2018/12,0,152,152,0,152,0,152,1137637,152,0
에이치엔에스하이텍(주),044990,2019/12,0,-1432,-1432,0,-1432,0,-1432,-10740917,-1432,0
에이치엔에스하이텍(주),044990,2020/12,0,-13,-13,0,-13,0,-13,-98442,-13,0
에이치엔에스하이텍(주),044990,2021/12,0,1355,1355,0,1355,0,1355,10165184,1355,0
에이치엔에스하이텍(주),044990,2022/12,0,2844,2844,0,2844,0,2844,21335460,2844,0
에이치엘비사이언스(주),343090,2020/12,,,-789,,,,-789,-4351881,-797,0
에이치엘비사이언스(주),343090,2021/12,,,-926,,,,-926,-5051965,-926,0
에이치엘비사이언스(주),343090,2022/12,,,-416,,,,-416,-4768746,-416,0
에이펙스인텍(주),207490,2018/12,,,161,,,,161,580483,161,0
에이펙스인텍(주),207490,2019/12,,,162,,,,162,583251,162,0
에이펙스인텍(주),207490,2020/12,,207,207,,207,,207,746788,207,0
에이펙스인텍(주),207490,2021/12,,32,32,,32,,32,114677,32,0
에이펙스인텍(주),207490,2022/12,,22,22,,22,,22,78865,22,0
위월드(주),140660,2013/12,,,-406,,,,-406,-1007000,-406,0
위월드(주),140660,2014/12,,,-535,,,,-535,-1327030,-535,0
위월드(주),140660,2015/12,,,436,,,,436,2052887,436,0
위월드(주),140660,2016/12,,,522,,,,522,1297574,522,0
위월드(주),140660,2017/12,,,-384,,,,-384,-956109,-384,0
위월드(주),140660,2018/12,,,260,,,,260,645674,260,0
위월드(주),140660,2019/12,,,-159,,,,-159,-394942,-159,0
위월드(주),140660,2020/12,,,-401,,,,-401,-996474,-401,0
위월드(주),140660,2021/12,,,675,,,,675,1679246,675,0
위월드(주),140660,2022/12,,,513,,,,513,1276291,513,0
이성씨엔아이(주),379390,2021/12,,,-913,,,,-913,-2593552,-913,0
이성씨엔아이(주),379390,2022/12,,,-114,,,-576,-114,-322786,-114,0
인바이츠바이오코아(주),216400,2015/12,,,129,,,,129,814963,129,0
인바이츠바이오코아(주),216400,2016/12,,377,377,,377,,377,2552067,377,0
인바이츠바이오코아(주),216400,2017/12,,18,18,,18,,18,125520,18,0
인바이츠바이오코아(주),216400,2018/12,,-505,-505,,-505,,-505,-3451389,-505,0
인바이츠바이오코아(주),216400,2019/12,,162,162,,162,,162,1111589,162,0
인바이츠바이오코아(주),216400,2020/12,,273,273,,273,,273,1980588,273,0
인바이츠바이오코아(주),216400,2021/12,,93,93,,93,,93,708545,93,0
인바이츠바이오코아(주),216400,2022/12,0,-167,-167,0,-167,0,-167,-1279556,-167,0
코스텍시스템(주),169670,2022/12,,,444,,,,444,1274725,444,0
크로넥스(주),215570,2015/12,,,-309,,,,-309,-307170,-309,0
크로넥스(주),215570,2016/12,,,-1087,,,,-1087,-1083362,-1087,0
크로넥스(주),215570,2017/12,,,-511,,,,-511,-505807,-511,0
크로넥스(주),215570,2018/12,,,-627,,,,-627,-623718,-627,0
크로넥스(주),215570,2019/12,,,-460,,,,-460,-1440528,-460,0
크로넥스(주),215570,2020/12,,,-478,,,,-478,-1517609,-478,0
크로넥스(주),215570,2021/12,,,-560,,,,-560,-2280456,-560,0
크로넥스(주),215570,2022/12,,,-570,,,-570,-570,-2896292,-570,0
태양기계(주),116100,2013/12,,,218,,,,218,1360000,218,0
태양기계(주),116100,2014/12,,,-73,,,,-73,-453114,-73,0
태양기계(주),116100,2015/12,,,59,,,,59,366165,59,0
태양기계(주),116100,2016/12,,,45,,,,45,281259,45,0
태양기계(주),116100,2017/12,,,-1440,,,,-1440,-8987415,-1440,0
태양기계(주),116100,2018/12,,,6,,,,6,37012,6,0
태양기계(주),116100,2019/12,,,67,,,,67,417252,67,0
태양기계(주),116100,2020/12,,,-136,,,,-136,-849745,-136,0
태양기계(주),116100,2021/12,,,155,,,,155,966411,155,0
태양기계(주),116100,2022/12,,,128,,,,128,798579,128,0
퓨쳐메디신(주),341170,2022/12,-1,-755,-755,-785,-755,-785,-755,-6999528,-755,0
