회사명,거래소코드,회계년도,[U01B100000000]매출액(수익)(*)(IFRS연결)(천원),[U01B200000000]매출원가(*)(IFRS연결)(천원),[U01B201014400]매출총이익(손실)(IFRS연결)(천원),[U01B420000000]* (정상)영업손익(보고서기재)(IFRS연결)(천원),[U01B430000000]* (정상)영업손익(계산수치)(IFRS연결)(천원),[U01B700000000]법인세비용차감전순이익(손실)(IFRS연결)(천원),[U01B750000000]법인세비용(IFRS연결)(천원),[U01B100000000]매출액(수익)(*)(IFRS)(천원),[U01B200000000]매출원가(*)(IFRS)(천원),[U01B201014400]매출총이익(손실)(IFRS)(천원),[U01B420000000]* (정상)영업손익(보고서기재)(IFRS)(천원),[U01B430000000]* (정상)영업손익(계산수치)(IFRS)(천원),[U01B700000000]법인세비용차감전순이익(손실)(IFRS)(천원),[U01B750000000]법인세비용(IFRS)(천원),[U01210000]매출액(영업수익)(*)(연결)(천원),[U01220010]매출원가(*)(연결)(천원),[U01221340]매출총이익(손실)(연결)(천원),[U01222170]판매비와관리비(영업비용)(*)(연결)(천원),[U01230000]영업이익(손실)(연결)(천원),[U01290000]법인세비용차감전(계속사업)손익(연결)(천원),[U01290100](계속사업손익)법인세비용(연결)(천원),[U01210000]매출액(영업수익)(*)(천원),[U01220010]매출원가(*)(천원),[U01221340]매출총이익(손실)(천원),[U01222170]판매비와관리비(영업비용)(*)(천원),[U01230000]영업이익(손실)(천원),[U01290000]법인세비용차감전(계속사업)손익(천원)
(주)굿센,243870,2016/12,,,,,,,,28614455,23418903,5195552,957115,957115,1585808,417998,,,,,,,,28614455,23418903,5195552,4238437,957115,1585808
(주)굿센,243870,2017/12,,,,,,,,24112320,19614072,4498248,-494143,-494143,-31231,-43940,,,,,,,,24112320,19614072,4498248,4992391,-494143,-31231
(주)굿센,243870,2018/12,,,,,,,,21161918,19836201,1325717,-3343162,-3343162,-3077917,12369,,,,,,,,21161918,19836201,1325717,4668879,-3343162,-3077917
(주)굿센,243870,2019/12,,,,,,,,8116126,5905871,2210256,-1082478,-1082478,-1816674,-67952,,,,,,,,8116126,5905871,2210256,3292733,-1082478,-1816674
(주)굿센,243870,2020/12,,,,,,,,11710242,7981963,3728279,359907,359907,712693,156389,,,,,,,,11710242,7981963,3728279,3368372,359907,712693
(주)굿센,243870,2021/12,,,,,,,,24709838,18349417,6360420,1493392,1493392,5536557,971512,,,,,,,,24709838,18349417,6360420,4867029,1493392,5536557
(주)굿센,243870,2022/12,,,,,,,,26176019,19077699,7098320,3300856,3300856,476010,54623,,,,,,,,26176019,19077699,7098320,3797464,3300856,476010
(주)나눔테크,244880,2016/12,,,,,,,,,,,,,,,,,,,,,,7836029,3717449,4118580,3873794,244786,259957
(주)나눔테크,244880,2017/12,,,,,,,,,,,,,,,,,,,,,,10501915,4178287,6323628,4792262,1531366,1677147
(주)나눔테크,244880,2018/12,,,,,,,,,,,,,,,,,,,,,,11471634,3821321,7650313,4762599,2887715,2852412
(주)나눔테크,244880,2019/12,,,,,,,,,,,,,,,,,,,,,,13603799,4660345,8943454,5726740,3216714,3461843
(주)나눔테크,244880,2020/12,,,,,,,,,,,,,,,,,,,,,,8841307,3089058,5752249,4116673,1635576,1759454
(주)나눔테크,244880,2021/12,,,,,,,,,,,,,,,,,,,,,,12772533,5454730,7317803,4711160,2606643,2791244
(주)나눔테크,244880,2022/12,,,,,,,,,,,,,,,,,,,,,,14101351,5745297,8356054,4807440,3548614,3751659
(주)나라소프트,288490,2018/12,,,,,,,,,,,,,,,,,,,,,,3264397,330791,2933605,2642958,290647,420347
(주)나라소프트,288490,2019/12,,,,,,,,,,,,,,,,,,,,,,1777578,955192,822386,3490596,-2668209,-3491682
(주)나라소프트,288490,2020/12,,,,,,,,3377734,0,3377734,1681336,1681336,1098044,0,,,,,,,,3377734,0,3377734,1696399,1681336,1098044
(주)나라소프트,288490,2021/12,,,,,,,,249573,0,249573,-1284488,-1284488,-2093406,0,,,,,,,,249573,0,249573,1534061,-1284488,-2093406
(주)나라소프트,288490,2022/12,,,,,,,,1116914,0,1116914,-514908,-514908,-862606,0,,,,,,,,1116914,0,1116914,1631822,-514908,-862606
(주)나우코스,257990,2015/12,,,,,,,,,,,,,,,,,,,,,,,,,,,
(주)나우코스,257990,2016/12,,,,,,,,,,,,,,,,,,,,,,,,,,,
(주)나우코스,257990,2017/12,,,,,,,,,,,,,,,,,,,,,,,,,,,
(주)나우코스,257990,2018/12,,,,,,,,,,,,,,,,,,,,,,,,,,,
(주)나우코스,257990,2019/12,,,,,,,,,,,,,,,,,,,,,,,,,,,
(주)나우코스,257990,2020/12,47956928,37765109,10191818,3687736,3687736,1590796,-263394,47761969,38291142,9470827,3510406,3510406,1313258,-277168,47956928,37765109,10191818,6504083,3687736,1590796,-263394,47761969,38291142,9470827,5960422,3510406,1313258
(주)나우코스,257990,2021/12,45364798,37656712,7708086,242759,242759,313843,-33737,42712313,37124063,5588250,53093,53093,95105,10477,45364798,37656712,7708086,7465326,242759,313843,-33737,42712313,37124063,5588250,5535157,53093,95105
(주)나우코스,257990,2022/12,42348412,36716562,5631849,-1473314,-1473314,-2158144,-658627,41565340,37094662,4470678,-1722787,-1722787,-1861219,-565701,42348412,36716562,5631849,7105163,-1473314,-2158144,-658627,41565340,37094662,4470678,6193465,-1722787,-1861219
(주)노드메이슨,317860,2019/12,,,,,,,,16894407,7834255,9060152,-734964,-734964,-884963,-243705,,,,,,,,16894407,7834255,9060152,9795116,-734964,-884963
(주)노드메이슨,317860,2020/12,,,,,,,,19470825,8192906,11277920,1648001,1648001,1581716,322751,,,,,,,,19470825,8192906,11277920,9629919,1648001,1581716
(주)노드메이슨,317860,2021/12,,,,,,,,18631230,9138970,9492260,956767,956767,281227,144065,,,,,,,,18631230,9138970,9492260,8535494,956767,281227
(주)노드메이슨,317860,2022/12,16324672,7920986,8403685,-3299506,-3299506,-3668863,-426075,15103694,7363384,7740310,-1919447,-1919447,-2960054,-426075,16324672,7920986,8403685,11703192,-3299506,-3668863,-426075,15103694,7363384,7740310,9659757,-1919447,-2960054
(주)노브메타파마,229500,2015/12,,,,,,,,,,,,,,,,,,,,,,1573672,728277,845396,1397739,-552343,-497222
(주)노브메타파마,229500,2016/12,2907831,1649031,1258800,-4251494,-4251494,-4106008,20448,421941,475863,-53922,-4448358,-4448358,-4291573,0,2907831,1649031,1258800,5510294,-4251494,-4106008,20448,421941,475863,-53922,4394436,-4448358,-4291573
(주)노브메타파마,229500,2017/12,784141,586776,197365,-5510512,-5510512,-6075787,0,200221,192388,7832,-5433777,-5433777,-5967158,0,784141,586776,197365,5707877,-5510512,-6075787,0,200221,192388,7832,5441609,-5433777,-5967158
(주)노브메타파마,229500,2018/12,890666,839739,50926,-13455344,-13455344,-13177371,0,16384,7129,9255,-13002730,-13002730,-12710679,0,890666,839739,50926,13506271,-13455344,-13177371,0,16384,7129,9255,13011985,-13002730,-12710679
(주)노브메타파마,229500,2019/12,142957,134403,8554,-12536645,-12536645,-12530405,0,63,150,-87,-11916612,-11916612,-11956843,0,142957,134403,8554,12545199,-12536645,-12530405,0,63,150,-87,11916526,-11916612,-11956843
(주)노브메타파마,229500,2020/12,44304,36710,7594,-6581517,-6581517,-6725291,0,0,0,0,-6202833,-6202833,-6363799,0,44304,36710,7594,6589111,-6581517,-6725291,0,0,0,0,6202833,-6202833,-6363799
(주)노브메타파마,229500,2021/12,74484,37003,37481,-6900305,-6900305,-7516838,0,0,0,0,-5509773,-5509773,-6474704,0,74484,37003,37481,6937786,-6900305,-7516838,0,0,0,0,5509773,-5509773,-6474704
(주)노브메타파마,229500,2022/12,,,,,,,,31480,15306,16174,-7455615,-7455615,-6142414,0,,,,,,,,31480,15306,16174,7471789,-7455615,-6142414
(주)다원넥스뷰,323350,2019/12,,,,,,,,,,,,,,,,,,,,,,2702084,1329380,1372703,1283211,89492,40047
(주)다원넥스뷰,323350,2020/12,,,,,,,,,,,,,,,,,,,,,,4026396,3414530,611866,1714196,-1102330,-2781865
(주)다원넥스뷰,323350,2021/12,,,,,,,,,,,,,,,,,,,,,,12556683,10124727,2431956,1901188,530768,506974
(주)다원넥스뷰,323350,2022/12,,,,,,,,10991070,7423090,3567980,1087689,1087689,-989143,-147065,,,,,,,,10991070,7423090,3567980,2480291,1087689,-989143
(주)더콘텐츠온,302920,2018/12,,,,,,,,,,,,,,,,,,,,,,14470489,11858246,2612243,1879863,732380,331935
(주)더콘텐츠온,302920,2019/12,,,,,,,,,,,,,,,,,,,,,,30662946,25576074,5086872,2321352,2765521,1459347
(주)더콘텐츠온,302920,2020/12,,,,,,,,,,,,,,,,,,,,,,22297117,18595130,3701987,1997130,1704856,-2516996
(주)더콘텐츠온,302920,2021/12,,,,,,,,,,,,,,,,,,,,,,26572717,23515927,3056791,1848146,1208645,698908
(주)더콘텐츠온,302920,2022/12,,,,,,,,,,,,,,,,,,,,,,21473919,18699308,2774611,1942028,832583,-3925556
(주)데이터스트림즈,199150,2014/12,,,,,,,,,,,,,,,,,,,,,,18309175,11776867,6532308,6126356,405952,220704
(주)데이터스트림즈,199150,2015/12,,,,,,,,,,,,,,,,,,,,,,14296823,9151979,5144844,7041938,-1897093,-2373425
(주)데이터스트림즈,199150,2016/12,16842387,10478207,6364180,-1209037,-1209037,-1137075,542998,16836610,10473862,6362748,-1033139,-1033139,-961308,542998,16842387,10478207,6364180,7573218,-1209037,-1137075,542998,16836610,10473862,6362748,7395887,-1033139,-961308
(주)데이터스트림즈,199150,2017/12,15103372,10196266,4907105,-2109314,-2109314,-2103518,0,15100120,10196266,4903853,-1806085,-1806085,-2181552,0,15103372,10196266,4907105,7016419,-2109314,-2103518,0,15100120,10196266,4903853,6709938,-1806085,-2181552
(주)데이터스트림즈,199150,2018/12,18342167,12023794,6318373,-71951,-71951,-86690,0,18322411,12023794,6298617,286834,286834,132960,0,18342167,12023794,6318373,6390325,-71951,-86690,0,18322411,12023794,6298617,6011783,286834,132960
(주)데이터스트림즈,199150,2019/12,22944521,16160573,6783948,-1056879,-1056879,-906909,0,22851566,16157605,6693961,-537251,-537251,-1045251,0,22944521,16160573,6783948,7840827,-1056879,-906909,0,22851566,16157605,6693961,7231212,-537251,-1045251
(주)데이터스트림즈,199150,2020/12,20262705,10127236,10135469,602166,602166,977146,0,20188995,10127225,10061770,957340,957340,873209,0,20262705,10127236,10135469,9533303,602166,977146,0,20188995,10127225,10061770,9104431,957340,873209
(주)데이터스트림즈,199150,2021/12,23317256,11244643,12072614,799527,799527,1080250,110220,23086297,11131793,11954504,1022218,1022218,1040450,110220,23317256,11244643,12072614,11273087,799527,1080250,110220,23086297,11131793,11954504,10932286,1022218,1040450
(주)데이터스트림즈,199150,2022/12,30593964,17467566,13126398,-2342566,-2342566,-2235767,0,30532301,17567887,12964414,-1943779,-1943779,-2250189,0,30593964,17467566,13126398,15468965,-2342566,-2235767,0,30532301,17567887,12964414,14908193,-1943779,-2250189
(주)듀켐바이오,176750,2014/12,,,,,,,,,,,,,,,27987297,18157048,9830249,7895945,1934304,179904,4306,17342386,12078297,5264088,3874902,1389186,187667
(주)듀켐바이오,176750,2015/12,,,,,,,,,,,,,,,23794011,21389308,2404703,7551553,-5146850,-11259749,336270,12380827,12848047,-467219,3232689,-3699909,-11228612
(주)듀켐바이오,176750,2016/12,,,,,,,,,,,,,,,26299773,23038311,3261462,7742491,-4481029,-8295793,537337,13241524,13302191,-60666,4434002,-4494668,-8337638
(주)듀켐바이오,176750,2017/12,23463195,19950366,3512829,-3490704,-3490704,-2664663,148335,13364236,12071621,1292615,-2230388,-2230388,-2677990,-7187,23463195,19950366,3512829,7003532,-3490704,-2664663,148335,13364236,12071621,1292615,3523003,-2230388,-2677990
(주)듀켐바이오,176750,2018/12,22076348,18065054,4011294,-3024074,-3024074,-8201967,670287,17213944,15150494,2063450,-2462145,-2462145,-7806391,0,22076348,18065054,4011294,7035368,-3024074,-8201967,670287,17213944,15150494,2063450,4525595,-2462145,-7806391
(주)듀켐바이오,176750,2019/12,21777640,16959841,4817799,-3802879,-3802879,-11730257,409576,15985130,14412438,1572691,-4052648,-4052648,-15121581,0,21777640,16959841,4817799,8620678,-3802879,-11730257,409576,15985130,14412438,1572691,5625340,-4052648,-15121581
(주)듀켐바이오,176750,2020/12,20281736,15520541,4761195,-3352152,-3352152,-7917414,-41181,15630616,13335158,2295458,-2781564,-2781564,-7163984,0,20281736,15520541,4761195,8113347,-3352152,-7917414,-41181,15630616,13335158,2295458,5077022,-2781564,-7163984
(주)듀켐바이오,176750,2021/12,10984824,7784223,3200601,451741,451741,1447048,0,10421869,7512186,2909683,605356,605356,1608194,0,10984824,7784223,3200601,2748860,451741,1447048,0,10421869,7512186,2909683,2304328,605356,1608194
(주)듀켐바이오,176750,2022/12,,,,,,,,32422307,23723708,8698599,1555010,1555010,-2696787,134740,,,,,,,,32422307,23723708,8698599,7143589,1555010,-2696787
(주)디피코,163430,2018/12,,,,,,,,,,,,,,,,,,,,,,11935143,9649127,2286016,2001099,284917,31383
(주)디피코,163430,2019/12,,,,,,,,,,,,,,,,,,,,,,6466738,4778840,1687898,1535899,151999,-46761
(주)디피코,163430,2020/12,,,,,,,,,,,,,,,,,,,,,,3369240,2842470,526770,6566365,-6039596,-7018911
(주)디피코,163430,2021/12,,,,,,,,12914747,22603729,-9688982,-17410515,-17410515,-34034350,23719,,,,,,,,12914747,22603729,-9688982,7721533,-17410515,-34034350
(주)디피코,163430,2022/12,,,,,,,,12695389,19060850,-6365461,-15142872,-15142872,-11794822,-44997,,,,,,,,12695389,19060850,-6365461,8777410,-15142872,-11794822
(주)라피치,403360,2021/12,,,,,,,,,,,,,,,,,,,,,,7023133,3990243,3032890,2772886,260004,322063
(주)라피치,403360,2022/12,,,,,,,,10512060,5691528,4820532,762341,762341,781648,109018,,,,,,,,10512060,5691528,4820532,4058191,762341,781648
(주)로보쓰리에이아이앤로보틱스,238500,2016/12,,,,,,,,56484,224046,-167562,-783217,-783217,-823656,-152914,,,,,,,,56484,224046,-167562,615655,-783217,-823656
(주)로보쓰리에이아이앤로보틱스,238500,2017/12,,,,,,,,28331,36887,-8556,-847218,-847218,-890644,-188444,,,,,,,,28331,36887,-8556,838662,-847218,-890644
(주)로보쓰리에이아이앤로보틱스,238500,2018/12,,,,,,,,174240,128669,45571,-795280,-795280,-825663,-175829,,,,,,,,174240,128669,45571,840851,-795280,-825663
(주)로보쓰리에이아이앤로보틱스,238500,2019/12,,,,,,,,227567,220145,7421,-720948,-720948,-1987053,551880,,,,,,,,227567,220145,7421,728369,-720948,-1987053
(주)로보쓰리에이아이앤로보틱스,238500,2020/12,,,,,,,,1207596,1186007,21589,-450848,-450848,-471741,0,,,,,,,,1207596,1186007,21589,472437,-450848,-471741
(주)로보쓰리에이아이앤로보틱스,238500,2021/12,,,,,,,,90552,2498,88054,-1462707,-1462707,-1469436,0,,,,,,,,90552,2498,88054,1550761,-1462707,-1469436
(주)로보쓰리에이아이앤로보틱스,238500,2022/12,,,,,,,,1366815,1609516,-242700,-2577898,-2577898,-4247477,0,,,,,,,,1366815,1609516,-242700,2335198,-2577898,-4247477
(주)로지스몬,223220,2015/12,20093215,15362634,4730582,-1957734,-1957734,-2384569,-454824,20086415,15378234,4708182,-1449584,-1449584,-1876093,-454824,20093215,15362634,4730582,6688316,-1957734,-2384569,-454824,20086415,15378234,4708182,6157765,-1449584,-1876093
(주)로지스몬,223220,2016/12,5980002,6185161,-205159,-3124801,-3124801,-3204428,192101,5980002,6185161,-205159,-2880532,-2880532,-3059062,192101,5980002,6185161,-205159,2919641,-3124801,-3204428,192101,5980002,6185161,-205159,2675372,-2880532,-3059062
(주)로지스몬,223220,2017/12,,,,,,,,1753050,3705421,-1952371,-3632416,-3632416,-5339593,236144,,,,,,,,1753050,3705421,-1952371,1680045,-3632416,-5339593
(주)로지스몬,223220,2018/12,,,,,,,,367341,353279,14062,-690949,-690949,-496265,-178669,,,,,,,,367341,353279,14062,705011,-690949,-496265
(주)로지스몬,223220,2019/12,,,,,,,,223460,373441,-149980,-696960,-696960,-2521503,-38753,,,,,,,,223460,373441,-149980,546979,-696960,-2521503
(주)로지스몬,223220,2020/12,,,,,,,,143427,392803,-249377,-932569,-932569,-1117417,6069,,,,,,,,143427,392803,-249377,683192,-932569,-1117417
(주)로지스몬,223220,2021/12,,,,,,,,186942,397108,-210166,-1492366,-1492366,-1702778,16427,,,,,,,,186942,397108,-210166,1282200,-1492366,-1702778
(주)로지스몬,223220,2022/12,,,,,,,,8806161,8729713,76448,-1139940,-1139940,-1040947,-223619,,,,,,,,8806161,8729713,76448,1216388,-1139940,-1040947
(주)루켄테크놀러지스,162120,2017/12,,,,,,,,,,,,,,,,,,,,,,36197148,27827229,8369919,6521767,1848152,335451
(주)루켄테크놀러지스,162120,2018/12,,,,,,,,,,,,,,,,,,,,,,25651492,19767969,5883523,4821411,1062112,384345
(주)루켄테크놀러지스,162120,2019/12,,,,,,,,,,,,,,,,,,,,,,33710700,29046398,4664301,3809395,854906,612387
(주)루켄테크놀러지스,162120,2020/12,,,,,,,,16089022,20975087,-4886065,-8782177,-8782177,-26376248,-1993664,,,,,,,,16089022,20975087,-4886065,3896112,-8782177,-26376248
(주)루켄테크놀러지스,162120,2021/12,,,,,,,,30117023,23980245,6136779,1577884,1577884,1683987,171864,,,,,,,,30117023,23980245,6136779,4558895,1577884,1683987
(주)루켄테크놀러지스,162120,2022/12,,,,,,,,26498929,22968220,3530709,-1850192,-1850192,-2666790,-604059,,,,,,,,26498929,22968220,3530709,5380901,-1850192,-2666790
(주)루트락,253610,2020/12,,,,,,,,,,,,,,,,,,,,,,5235249,2952337,2282912,3414957,-1132045,-1132995
(주)루트락,253610,2021/12,,,,,,,,,,,,,,,,,,,,,,5160689,3220921,1939768,4621566,-2681798,-3086838
(주)루트락,253610,2022/12,,,,,,,,,,,,,,,,,,,,,,4349634,2656516,1693118,4575435,-2882317,-3680123
(주)마이크로엔엑스,448780,2022/12,,,,,,,,,,,,,,,8816271,5345821,3470451,2409667,1060784,746731,-5782,8731655,5244583,3487071,2375998,1111074,786495
(주)메디쎄이,200580,2015/12,,,,,,,,,,,,,,,,,,,,,,11319047,6006795,5312252,5221657,90596,148439
(주)메디쎄이,200580,2016/12,,,,,,,,,,,,,,,,,,,,,,11485377,5827797,5657580,5451259,206321,217188
(주)메디쎄이,200580,2017/12,18302479,9102709,9199770,-1297479,-1297479,-796958,-201508,18302479,9310642,8991838,-578958,-578958,-117228,-51854,18302479,9102709,9199770,10497250,-1297479,-796958,-201508,18302479,9310642,8991838,9570795,-578958,-117228
(주)메디쎄이,200580,2018/12,19571622,7240742,12330879,1613443,1613443,2358979,44645,19571622,6555624,13015998,2131222,2131222,2762892,-324207,19571622,7240742,12330879,10717437,1613443,2358979,44645,19571622,6555624,13015998,10884776,2131222,2762892
(주)메디쎄이,200580,2019/12,19968063,6974148,12993915,1918919,1918919,1608541,160340,19967106,6964135,13002972,1935668,1935668,1585138,-13597,19968063,6974148,12993915,11074996,1918919,1608541,160340,19967106,6964135,13002972,11067303,1935668,1585138
(주)메디쎄이,200580,2020/12,18758825,6494278,12264547,2424381,2424381,25710,120451,18755027,6848240,11906787,2184149,2184149,-2121800,-63244,18758825,6494278,12264547,9840166,2424381,25710,120451,18755027,6848240,11906787,9722638,2184149,-2121800
(주)메디쎄이,200580,2021/12,20804924,5822138,14982785,4280052,4280052,5043132,-68410,20800392,5818377,14982015,3579825,3579825,4422601,-92763,20804924,5822138,14982785,10702734,4280052,5043132,-68410,20800392,5818377,14982015,11402190,3579825,4422601
(주)메디쎄이,200580,2022/12,24614315,7381045,17233270,3746739,3746739,3935840,-639223,24464555,7364566,17099989,3417220,3417220,3391650,-642727,24614315,7381045,17233270,13486531,3746739,3935840,-639223,24464555,7364566,17099989,13682769,3417220,3391650
(주)메디안디노스틱,233250,2017/12,9530812,3989592,5541220,907844,907844,1474833,-21186,9500815,4107195,5393620,969674,969674,1470756,-21186,9530812,3989592,5541220,4633376,907844,1474833,-21186,9500815,4107195,5393620,4423945,969674,1470756
(주)메디안디노스틱,233250,2018/12,10320203,5362123,4958080,462830,462830,558278,-229639,10320203,5433083,4887121,507827,507827,579849,-229639,10320203,5362123,4958080,4495250,462830,558278,-229639,10320203,5433083,4887121,4379294,507827,579849
(주)메디안디노스틱,233250,2019/12,10462705,4857063,5605642,577749,577749,651527,51018,10462705,4962991,5499715,577859,577859,660658,58728,10462705,4857063,5605642,5027893,577749,651527,51018,10462705,4962991,5499715,4921855,577859,660658
(주)메디안디노스틱,233250,2020/12,13804528,4482070,9322457,2296340,2296340,2243489,74365,13804528,4528020,9276507,2317962,2317962,2272620,78047,13804528,4482070,9322457,7026117,2296340,2243489,74365,13804528,4528020,9276507,6958545,2317962,2272620
(주)메디안디노스틱,233250,2021/12,14256035,5577874,8678161,2468087,2468087,2636699,249289,14256035,5704991,8551045,2411351,2411351,2584722,256603,14256035,5577874,8678161,6210074,2468087,2636699,249289,14256035,5704991,8551045,6139693,2411351,2584722
(주)메디안디노스틱,233250,2022/12,24832627,17233949,7598678,263981,263981,309782,-15472,24832627,17340686,7491940,250183,250183,298187,-25036,24832627,17233949,7598678,7334697,263981,309782,-15472,24832627,17340686,7491940,7241758,250183,298187
(주)메디젠휴먼케어,236340,2016/12,,,,,,,,,,,,,,,,,,,,,,1621832,481415,1140417,2473445,-1333028,-1558296
(주)메디젠휴먼케어,236340,2017/12,,,,,,,,,,,,,,,,,,,,,,3009878,1442741,1567138,2691598,-1124460,-1339481
(주)메디젠휴먼케어,236340,2018/12,3040618,1519938,1520680,-2019312,-2019312,-2314637,0,3040618,1519938,1520680,-2016831,-2016831,-2312156,0,3040618,1519938,1520680,3539992,-2019312,-2314637,0,3040618,1519938,1520680,3537512,-2016831,-2312156
(주)메디젠휴먼케어,236340,2019/12,2734273,1770095,964178,-2497683,-2497683,-3536840,0,2734273,1770095,964178,-2493618,-2493618,-3532775,0,2734273,1770095,964178,3461862,-2497683,-3536840,0,2734273,1770095,964178,3457797,-2493618,-3532775
(주)메디젠휴먼케어,236340,2020/12,2507840,2354031,153809,-3061954,-3061954,-5117774,0,2507840,2354031,153809,-3057607,-3057607,-5120327,0,2507840,2354031,153809,3215763,-3061954,-5117774,0,2507840,2354031,153809,3211416,-3057607,-5120327
(주)메디젠휴먼케어,236340,2021/12,,,,,,,,3552786,2773746,779040,-2074152,-2074152,-2631970,0,,,,,,,,3552786,2773746,779040,2853192,-2074152,-2631970
(주)메디젠휴먼케어,236340,2022/12,,,,,,,,3949759,3096537,853222,-2268707,-2268707,-2792081,0,,,,,,,,3949759,3096537,853222,3121929,-2268707,-2792081
(주)무진메디,322970,2020/12,,,,,,,,,,,,,,,,,,,,,,11400,0,11400,1968836,-1957436,-1977285
(주)무진메디,322970,2021/12,,,,,,,,,,,,,,,,,,,,,,7200,0,7200,2482918,-2475718,-2510603
(주)무진메디,322970,2022/12,,,,,,,,,,,,,,,,,,,,,,20000,0,20000,2919414,-2899414,-3027867
(주)미래엔에듀파트너,208890,2014/12,,,,,,,,,,,,,,,,,,,,,,12385298,7226896,5158402,4499766,658635,601572
(주)미래엔에듀파트너,208890,2015/12,16735540,10402573,6332968,303260,303260,213234,63473,13463049,7890071,5572978,353876,353876,284026,53159,16735540,10402573,6332968,6029708,303260,213234,63473,13463049,7890071,5572978,5219102,353876,284026
(주)미래엔에듀파트너,208890,2016/12,18889978,11147643,7742335,685042,685042,622686,307258,14269862,8766103,5503759,494209,494209,451565,307057,18889978,11147643,7742335,7057294,685042,622686,307258,14269862,8766103,5503759,5009551,494209,451565
(주)미래엔에듀파트너,208890,2017/12,19236149,11812267,7423882,408437,408437,376175,89134,14216396,8473860,5742536,362326,362326,342842,20008,19236149,11812267,7423882,7015445,408437,376175,89134,14216396,8473860,5742536,5380210,362326,342842
(주)미래엔에듀파트너,208890,2018/12,18027126,11148783,6878343,590827,590827,550948,131881,13968202,8670305,5297897,620548,620548,588926,110959,18027126,11148783,6878343,6287515,590827,550948,131881,13968202,8670305,5297897,4677350,620548,588926
(주)미래엔에듀파트너,208890,2019/12,18671409,12506822,6164587,358653,358653,403985,47691,15018544,10204626,4813918,177547,177547,190993,31519,18671409,12506822,6164587,5805934,358653,403985,47691,15018544,10204626,4813918,4636371,177547,190993
(주)미래엔에듀파트너,208890,2020/12,5684796,4300805,1383991,-4199285,-4199285,-4502527,-862085,4358565,3409875,948690,-3684308,-3684308,-3954713,-864977,5684796,4300805,1383991,5583276,-4199285,-4502527,-862085,4358565,3409875,948690,4632998,-3684308,-3954713
(주)미래엔에듀파트너,208890,2021/12,8303999,7376407,927592,-3299724,-3299724,-3920149,153487,6628767,6233204,395563,-3269063,-3269063,-3911384,149451,8303999,7376407,927592,4227316,-3299724,-3920149,153487,6628767,6233204,395563,3664626,-3269063,-3911384
(주)미래엔에듀파트너,208890,2022/12,13496333,10156514,3339819,-594378,-594378,-645666,300381,12026104,9356417,2669688,-718311,-718311,-537746,300381,13496333,10156514,3339819,3934197,-594378,-645666,300381,12026104,9356417,2669688,3387998,-718311,-537746
(주)바스칸바이오제약,354390,2022/12,,,,,,,,26797640,20477609,6320031,261165,261165,167673,0,,,,,,,,26797640,20477609,6320031,6058865,261165,167673
(주)바이오인프라생명과학,266470,2020/12,1042994,583020,459974,-4092757,-4092757,-4524428,0,1042994,583020,459974,-4092757,-4092757,-4524428,0,1042994,583020,459974,4552731,-4092757,-4524428,0,1042994,583020,459974,4552731,-4092757,-4524428
(주)바이오인프라생명과학,266470,2021/12,,,,,,,,1426440,543889,882551,-4321414,-4321414,-2447669,0,,,,,,,,1426440,543889,882551,5203965,-4321414,-2447669
(주)바이오인프라생명과학,266470,2022/12,,,,,,,,1492138,433107,1059032,-1996573,-1996573,-1455362,0,,,,,,,,1492138,433107,1059032,3055605,-1996573,-1455362
(주)바이오프로테크,199290,2016/12,,,,,,,,,,,,,,,,,,,,,,21243062,16738634,4504428,6098314,-1593886,-2639547
(주)바이오프로테크,199290,2017/12,,,,,,,,,,,,,,,,,,,,,,17992680,14976041,3016639,3957226,-940587,-5199154
(주)바이오프로테크,199290,2018/12,,,,,,,,,,,,,,,,,,,,,,20501563,16027130,4474433,3191116,1283318,51717
(주)바이오프로테크,199290,2019/12,,,,,,,,,,,,,,,,,,,,,,12470748,16160403,-3689656,4378336,-8067991,-20201572
(주)바이오프로테크,199290,2020/12,,,,,,,,,,,,,,,,,,,,,,12788111,12222849,565263,3680384,-3115121,-4713450
(주)바이오프로테크,199290,2021/12,,,,,,,,,,,,,,,,,,,,,,18110817,14601995,3508822,3251305,257517,-2600815
(주)바이오프로테크,199290,2022/12,,,,,,,,,,,,,,,36273596,27840803,8432794,7697983,734811,2806071,1339158,30902928,23970922,6932007,4098041,2833965,4212648
(주)볼빅,206950,2015/12,,,,,,,,,,,,,,,,,,,,,,28763788,13304631,15459156,14109180,1349977,48991
(주)볼빅,206950,2016/12,,,,,,,,,,,,,,,,,,,,,,31433597,15415786,16017811,15228369,789442,724248
(주)볼빅,206950,2017/12,,,,,,,,,,,,,,,,,,,,,,42329808,21377776,20952032,19962347,989685,-2144341
(주)볼빅,206950,2018/12,,,,,,,,,,,,,,,,,,,,,,43697670,24305588,19392082,17916523,1475559,3770179
(주)볼빅,206950,2019/12,,,,,,,,,,,,,,,,,,,,,,42505667,26253676,16251991,20686526,-4434535,-7302842
(주)볼빅,206950,2020/12,,,,,,,,,,,,,,,,,,,,,,37817259,24934647,12882612,15088323,-2205711,-2802672
(주)볼빅,206950,2021/12,,,,,,,,,,,,,,,,,,,,,,47337146,34818025,12519122,13700257,-1181136,-3779401
(주)볼빅,206950,2022/12,,,,,,,,,,,,,,,51465017,39477449,11987568,17966072,-5978505,-11556096,21070,48437067,36952541,11484525,14454165,-2969640,-9989352
(주)블루탑,191600,2016/12,,,,,,,,25243460,20652487,4590973,1062396,1062396,1329340,178691,,,,,,,,25243460,20652487,4590973,3528577,1062396,1329340
(주)블루탑,191600,2017/12,,,,,,,,20363372,17451297,2912075,-562746,-562746,-244704,297813,,,,,,,,20363372,17451297,2912075,3474821,-562746,-244704
(주)블루탑,191600,2018/12,,,,,,,,23657395,19844167,3813228,383516,383516,156197,-442229,,,,,,,,23657395,19844167,3813228,3429712,383516,156197
(주)블루탑,191600,2019/12,,,,,,,,31557152,26913000,4644152,896557,896557,561440,124719,,,,,,,,31557152,26913000,4644152,3747595,896557,561440
(주)블루탑,191600,2020/12,,,,,,,,27844207,26407474,1436733,-2165389,-2165389,-2435238,-356211,,,,,,,,27844207,26407474,1436733,3602122,-2165389,-2435238
(주)블루탑,191600,2021/12,,,,,,,,31079688,29551559,1528129,-2026054,-2026054,-2514345,-865107,,,,,,,,31079688,29551559,1528129,3554184,-2026054,-2514345
(주)블루탑,191600,2022/12,,,,,,,,41212321,36379506,4832814,970609,970609,529329,-76567,,,,,,,,41212321,36379506,4832814,3862205,970609,529329
(주)비엘헬스케어,086220,2015/12,,,,,,,,39292130,34127838,5164293,1693658,1693658,-2507827,-475539,,,,,,,,39292130,34127838,5164293,3470635,1693658,-2507827
(주)비엘헬스케어,086220,2016/12,,,,,,,,39735740,34647705,5088035,2033225,2033226,684058,-8152,,,,,,,,39735740,34647705,5088035,3054809,2033226,684058
(주)비엘헬스케어,086220,2017/12,,,,,,,,48401510,40835204,7566306,4346390,4346390,2633843,403704,,,,,,,,48401510,40835204,7566306,3219916,4346390,2633843
(주)비엘헬스케어,086220,2018/12,,,,,,,,53091876,47245573,5846303,1780625,1780625,532944,98436,,,,,,,,53091876,47245573,5846303,4065678,1780625,532944
(주)비엘헬스케어,086220,2019/12,,,,,,,,27935020,27872247,62773,-3239038,-3239038,-13284609,354975,,,,,,,,27935020,27872247,62773,3301810,-3239038,-13284609
(주)비엘헬스케어,086220,2020/12,,,,,,,,40467479,37985510,2481969,-1035494,-1035494,3496136,8866,,,,,,,,40467479,37985510,2481969,3517463,-1035494,3496136
(주)비엘헬스케어,086220,2021/12,,,,,,,,57773161,53371921,4401240,848247,848247,258334,-180166,,,,,,,,57773161,53371921,4401240,3552993,848247,258334
(주)비엘헬스케어,086220,2022/12,,,,,,,,63917218,59068782,4848436,1564939,1564939,768313,67385,,,,,,,,63917218,59068782,4848436,3283497,1564939,768313
(주)셀젠텍,258250,2016/12,,,,,,,,,,,,,,,,,,,,,,7526418,5959196,1567222,945879,621343,598093
(주)셀젠텍,258250,2017/12,,,,,,,,,,,,,,,,,,,,,,10756648,8354146,2402502,1523183,879319,841324
(주)셀젠텍,258250,2018/12,,,,,,,,,,,,,,,,,,,,,,14035653,10973337,3062316,1697260,1365056,1161273
(주)셀젠텍,258250,2019/12,,,,,,,,,,,,,,,,,,,,,,14857341,11149748,3707593,2816098,891495,471877
(주)셀젠텍,258250,2020/12,,,,,,,,18447980,12095418,6352562,940660,940660,1481733,-69275,,,,,,,,18447980,12095418,6352562,5411902,940660,1481733
(주)셀젠텍,258250,2021/12,,,,,,,,19582224,12635983,6946241,1195679,1195679,2010236,-96288,,,,,,,,19582224,12635983,6946241,5750562,1195679,2010236
(주)셀젠텍,258250,2022/12,,,,,,,,21126450,13734644,7391806,1085408,1085408,1629329,184401,,,,,,,,21126450,13734644,7391806,6306398,1085408,1629329
(주)썬테크,217320,2015/12,,,,,,,,,,,,,,,,,,,,,,13353329,10401820,2951509,2713089,238421,125293
(주)썬테크,217320,2016/12,,,,,,,,,,,,,,,,,,,,,,17501016,14615577,2885438,2086103,799335,533371
(주)썬테크,217320,2017/12,,,,,,,,,,,,,,,,,,,,,,15066331,12478855,2587476,2167209,420267,302957
(주)썬테크,217320,2018/12,,,,,,,,,,,,,,,,,,,,,,16661962,14549707,2112256,3030615,-918359,-2081833
(주)썬테크,217320,2019/12,,,,,,,,,,,,,,,,,,,,,,23344617,19691568,3653049,3197364,455684,-10363
(주)썬테크,217320,2020/12,,,,,,,,,,,,,,,,,,,,,,20700488,17682051,3018437,2659098,359339,138219
(주)썬테크,217320,2021/12,,,,,,,,,,,,,,,,,,,,,,16794341,13907567,2886774,2494751,392023,447166
(주)썬테크,217320,2022/12,,,,,,,,,,,,,,,27096484,23547881,3548603,3729598,-180995,-377490,18051,21761632,19080814,2680818,2623665,57153,-377490
(주)씨알푸드,236030,2017/12,,,,,,,,,,,,,,,,,,,,,,17244167,11940800,5303367,2917978,2385388,1933849
(주)씨알푸드,236030,2018/12,,,,,,,,,,,,,,,,,,,,,,16546904,12071228,4475676,3585742,889934,236437
(주)씨알푸드,236030,2019/12,,,,,,,,,,,,,,,,,,,,,,16934036,12715875,4218161,3980151,238010,91205
(주)씨알푸드,236030,2020/12,,,,,,,,,,,,,,,,,,,,,,16088621,13058247,3030374,4542204,-1511830,-2295619
(주)씨알푸드,236030,2021/12,,,,,,,,,,,,,,,,,,,,,,15678723,12751240,2927482,4370387,-1442905,-1525343
(주)씨알푸드,236030,2022/12,,,,,,,,,,,,,,,,,,,,,,18406301,15159875,3246426,4911211,-1664785,-3330164
(주)씨앗,103660,2015/12,,,,,,,,,,,,,,,,,,,,,,16557027,13743915,2813112,3504811,-691700,-2241517
(주)씨앗,103660,2016/12,,,,,,,,,,,,,,,,,,,,,,22037142,17022626,5014516,3360347,1654169,566305
(주)씨앗,103660,2017/12,,,,,,,,,,,,,,,,,,,,,,27570053,20668736,6901317,4178584,2722732,-2903191
(주)씨앗,103660,2018/12,,,,,,,,,,,,,,,,,,,,,,21501625,18225078,3276547,3217248,59299,-1685889
(주)씨앗,103660,2019/12,,,,,,,,,,,,,,,,,,,,,,25528504,21249090,4279414,3789653,489762,-2071606
(주)씨앗,103660,2020/12,19687639,18038170,1649470,-1847452,-1847452,-4403952,-111995,19687639,18143320,1544319,-1740207,-1740207,-4270896,-111995,19687639,18038170,1649470,3496922,-1847452,-4403952,-111995,19687639,18143320,1544319,3284526,-1740207,-4270896
(주)씨앗,103660,2021/12,18662136,15908592,2753545,-779479,-779479,-2537684,0,18662136,16418861,2243275,-568220,-568220,-2411833,0,18662136,15908592,2753545,3533024,-779479,-2537684,0,18662136,16418861,2243275,2811496,-568220,-2411833
(주)씨앗,103660,2022/12,23226869,18602728,4624141,437328,437328,-630837,-87890,23226869,19191496,4035373,681495,681495,-569538,-75277,23226869,18602728,4624141,4186813,437328,-630837,-87890,23226869,19191496,4035373,3353878,681495,-569538
(주)씨앤에스링크,245450,2016/12,,,,,,,,,,,,,,,,,,,,,,19741492,15516112,4225380,4152507,72873,-907503
(주)씨앤에스링크,245450,2017/12,,,,,,,,,,,,,,,,,,,,,,21961853,18051486,3910367,4145839,-235472,-596959
(주)씨앤에스링크,245450,2018/12,,,,,,,,,,,,,,,,,,,,,,31402319,26488087,4914232,4358412,555820,216644
(주)씨앤에스링크,245450,2019/12,,,,,,,,,,,,,,,,,,,,,,25297395,22014866,3282528,4492087,-1209558,-1763614
(주)씨앤에스링크,245450,2020/12,,,,,,,,,,,,,,,,,,,,,,22333853,16640070,5693783,4936589,757194,555908
(주)씨앤에스링크,245450,2021/12,,,,,,,,,,,,,,,,,,,,,,23098155,17492582,5605573,5250571,355003,108702
(주)씨앤에스링크,245450,2022/12,,,,,,,,,,,,,,,,,,,,,,19991209,15476726,4514483,4662239,-147757,-412588
(주)씨엔티드림,286000,2020/12,,,,,,,,,,,,,,,,,,,,,,20913215,19332699,1580516,6689128,-5108613,-6057116
(주)씨엔티드림,286000,2021/12,,,,,,,,,,,,,,,,,,,,,,14736591,11649613,3086978,6222947,-3135968,-3361433
(주)씨엔티드림,286000,2022/12,,,,,,,,,,,,,,,,,,,,,,12298337,12752856,-454518,2981071,-3435589,-7864204
(주)아이오바이오,447690,2022/12,,,,,,,,,,,,,,,1191396,673218,518177,2438364,-1920187,-1515055,0,1191396,673218,518177,2438364,-1920187,-1515055
(주)안지오랩,251280,2016/12,,,,,,,,,,,,,,,,,,,,,,500114,222104,278009,1258874,-980865,-938952
(주)안지오랩,251280,2017/12,,,,,,,,,,,,,,,,,,,,,,1188859,576921,611938,1343889,-731951,-1516886
(주)안지오랩,251280,2018/12,,,,,,,,6104380,3827607,2276773,27419,27419,-9268573,0,,,,,,,,6104380,3827607,2276773,2249355,27419,-9268573
(주)안지오랩,251280,2019/12,,,,,,,,1654528,1069732,584796,-3263415,-3263415,-8083799,0,,,,,,,,1654528,1069732,584796,3848211,-3263415,-8083799
(주)안지오랩,251280,2020/12,,,,,,,,315545,1514602,-1199057,-5673798,-5673798,-850365,0,,,,,,,,315545,1514602,-1199057,4474741,-5673798,-850365
(주)안지오랩,251280,2021/12,,,,,,,,884958,138517,746442,-2084734,-2084734,-2069925,0,,,,,,,,884958,138517,746442,2831176,-2084734,-2069925
(주)안지오랩,251280,2022/12,,,,,,,,1005561,183136,822425,-2092188,-2092188,-2011162,0,,,,,,,,1005561,183136,822425,2914613,-2092188,-2011162
(주)엄지하우스,224810,2015/12,,,,,,,,,,,,,,,,,,,,,,65707258,58237250,7470008,4973592,2496416,2649485
(주)엄지하우스,224810,2016/12,,,,,,,,77564845,71406871,6157974,-293258,-293258,-193596,-17323,,,,,,,,77564845,71406871,6157974,6451232,-293258,-193596
(주)엄지하우스,224810,2017/12,,,,,,,,96654987,87330209,9324778,3961096,3961096,3510882,754557,,,,,,,,96654987,87330209,9324778,5363682,3961096,3510882
(주)엄지하우스,224810,2018/12,,,,,,,,92435915,80767535,11668380,2884317,2884317,2959759,699065,,,,,,,,92435915,80767535,11668380,8784064,2884317,2959759
(주)엄지하우스,224810,2019/12,,,,,,,,71814764,63237883,8576880,2903500,2903500,2641097,608408,,,,,,,,71814764,63237883,8576880,5673380,2903500,2641097
(주)엄지하우스,224810,2020/12,,,,,,,,69344130,59416782,9927349,2564316,2564316,4399595,868248,,,,,,,,69344130,59416782,9927349,7363032,2564316,4399595
(주)엄지하우스,224810,2021/12,,,,,,,,90186857,81312367,8874490,935766,935766,496763,-158227,,,,,,,,90186857,81312367,8874490,7938724,935766,496763
(주)엄지하우스,224810,2022/12,,,,,,,,36509676,36302262,207414,-8317453,-8317453,-9688476,-32549,,,,,,,,36509676,36302262,207414,8524867,-8317453,-9688476
(주)에스알바이오텍,270210,2017/12,,,,,,,,,,,,,,,,,,,,,,663217,417231,245986,1161614,-915628,-1103138
(주)에스알바이오텍,270210,2018/12,,,,,,,,,,,,,,,,,,,,,,1004135,739957,264178,1135014,-870836,-1009778
(주)에스알바이오텍,270210,2019/12,,,,,,,,,,,,,,,,,,,,,,1219130,998115,221015,736606,-515591,-694530
(주)에스알바이오텍,270210,2020/12,,,,,,,,,,,,,,,,,,,,,,1685382,1679554,5828,1210284,-1204456,-1335935
(주)에스알바이오텍,270210,2021/12,,,,,,,,,,,,,,,,,,,,,,5681249,4711522,969727,1363798,-394071,-545662
(주)에스알바이오텍,270210,2022/12,,,,,,,,,,,,,,,,,,,,,,7411638,6271191,1140447,1943847,-803400,-956920
(주)에스엘테라퓨틱스,258540,2016/12,,,,,,,,,,,,,,,,,,,,,,1498045,735918,762126,2758969,-1996843,-2105638
(주)에스엘테라퓨틱스,258540,2017/12,,,,,,,,,,,,,,,,,,,,,,1304392,1099810,204582,4379933,-4175351,-4335849
(주)에스엘테라퓨틱스,258540,2018/12,,,,,,,,,,,,,,,,,,,,,,1724757,979091,745666,3856505,-3110839,-3212631
(주)에스엘테라퓨틱스,258540,2019/12,,,,,,,,,,,,,,,,,,,,,,1238471,731306,507165,5175997,-4668832,-5255441
(주)에스엘테라퓨틱스,258540,2020/12,,,,,,,,,,,,,,,,,,,,,,981173,590617,390556,3994447,-3603891,-3864455
(주)에스엘테라퓨틱스,258540,2021/12,,,,,,,,,,,,,,,,,,,,,,693978,299554,394423,6659125,-6264702,-6709095
(주)에스엘테라퓨틱스,258540,2022/12,,,,,,,,,,,,,,,,,,,,,,231191,136609,94582,1938097,-1843515,-2437100
(주)에스엠비나,299670,2018/12,,,,,,,,,,,,,,,,,,,,,,15790247,9453322,6336925,3272312,3064613,3039957
(주)에스엠비나,299670,2019/12,,,,,,,,21411171,12832879,8578292,3922299,3922299,3383869,853767,,,,,,,,21411171,12832879,8578292,4655993,3922299,3383869
(주)에스엠비나,299670,2020/12,,,,,,,,23513894,12599850,10914044,7055543,7055543,5598856,1533741,,,,,,,,23513894,12599850,10914044,3858501,7055543,5598856
(주)에스엠비나,299670,2021/12,,,,,,,,3992441,1363730,2628711,-121984,-121984,-259849,-379809,,,,,,,,3992441,1363730,2628711,2750696,-121984,-259849
(주)에스엠비나,299670,2022/12,,,,,,,,0,0,0,-2043754,-2043754,-2303551,791948,,,,,,,,0,0,0,2043754,-2043754,-2303551
(주)에스제이켐,217910,2018/12,,,,,,,,,,,,,,,,,,,,,,8917348,6185869,2731478,2073552,657926,246242
(주)에스제이켐,217910,2019/12,,,,,,,,,,,,,,,,,,,,,,9214486,6271296,2943190,2329277,613913,195233
(주)에스제이켐,217910,2020/12,,,,,,,,,,,,,,,,,,,,,,8824388,5927918,2896470,2311368,585102,198761
(주)에스제이켐,217910,2021/12,,,,,,,,,,,,,,,,,,,,,,9752681,8035609,1717072,2968841,-1251769,-1585559
(주)에스제이켐,217910,2022/12,,,,,,,,,,,,,,,,,,,,,,10692409,7843841,2848567,3130149,-281581,-701051
(주)에스케이씨에스,224020,2016/12,,,,,,,,,,,,,,,,,,,,,,21245334,18339973,2905361,2373979,531383,509758
(주)에스케이씨에스,224020,2017/12,,,,,,,,,,,,,,,,,,,,,,18525456,16910909,1614548,2628897,-1014349,-5224991
(주)에스케이씨에스,224020,2018/12,,,,,,,,20867917,18851669,2016248,-101027,-101027,-1045861,0,,,,,,,,20867917,18851669,2016248,2117276,-101027,-1045861
(주)에스케이씨에스,224020,2019/12,,,,,,,,18512085,15966031,2546055,245902,245902,-83081,0,,,,,,,,18512085,15966031,2546055,2300152,245902,-83081
(주)에스케이씨에스,224020,2020/12,,,,,,,,15657440,13980612,1676828,-299634,-299634,-2320427,0,,,,,,,,15657440,13980612,1676828,1976463,-299634,-2320427
(주)에스케이씨에스,224020,2021/12,,,,,,,,17068806,14574098,2494708,460285,460285,30193,0,,,,,,,,17068806,14574098,2494708,2034423,460285,30193
(주)에스케이씨에스,224020,2022/12,,,,,,,,16064766,14823040,1241727,-1497549,-1497549,-4056183,0,,,,,,,,16064766,14823040,1241727,2739275,-1497549,-4056183
(주)에이아이더뉴트리진,311960,2022/12,7278033,4187601,3090432,-1341801,-1341801,-1452565,-472378,7274033,4187601,3086432,-1182088,-1182088,-1253193,-472378,7278033,4187601,3090432,4432234,-1341801,-1452565,-472378,7274033,4187601,3086432,4268520,-1182088,-1253193
(주)에이원알폼,234070,2015/12,27938643,18115695,9822948,6604783,6604783,2579406,899207,27938217,19597893,8340324,5996924,5996924,1844911,205000,27938643,18115695,9822948,3218164,6604783,2579406,899207,27938217,19597893,8340324,2343400,5996924,1844911
(주)에이원알폼,234070,2016/12,41671294,25618819,16052475,12088549,12088549,9168115,1795477,40559870,26105758,14454112,11627508,11627508,9007381,1634744,41671294,25618819,16052475,3963925,12088549,9168115,1795477,40559870,26105758,14454112,2826604,11627508,9007381
(주)에이원알폼,234070,2017/12,40570772,27015801,13554971,9987261,9987261,4991773,341033,40570772,28511191,12059582,8944316,8944316,4715195,64454,40570772,27015801,13554971,3567711,9987261,4991773,341033,40570772,28511191,12059582,3115265,8944316,4715195
(주)에이원알폼,234070,2018/12,,,,,,,,35000745,26876105,8124640,4656532,4656532,484706,-863376,,,,,,,,35000745,26876105,8124640,3468108,4656532,484706
(주)에이원알폼,234070,2019/12,,,,,,,,32906602,27894524,5012079,1191585,1191586,-953373,253592,,,,,,,,32906602,27894524,5012079,3820493,1191586,-953373
(주)에이원알폼,234070,2020/12,,,,,,,,31500360,27691039,3809320,133260,133260,-9332781,497878,,,,,,,,31500360,27691039,3809320,3676060,133260,-9332781
(주)에이원알폼,234070,2021/12,,,,,,,,20057061,28953043,-8895983,-11555083,-11555083,-12998790,-935852,,,,,,,,20057061,28953043,-8895983,2659100,-11555083,-12998790
(주)에이원알폼,234070,2022/12,,,,,,,,36089165,29996733,6092432,2671591,2671591,9167918,-1363494,,,,,,,,36089165,29996733,6092432,3420842,2671591,9167918
(주)엔솔바이오사이언스,140610,2018/12,399893,338458,61435,-3823489,-3823489,-3863089,-61624,399893,338458,61435,-3812088,-3812088,-3849397,-61624,399893,338458,61435,3884924,-3823489,-3863089,-61624,399893,338458,61435,3873523,-3812088,-3849397
(주)엔솔바이오사이언스,140610,2019/12,469902,296168,173734,-5198615,-5198615,-4486667,23639,469902,296168,173734,-5196035,-5196035,-4482331,23639,469902,296168,173734,5372349,-5198615,-4486667,23639,469902,296168,173734,5369769,-5196035,-4482331
(주)엔솔바이오사이언스,140610,2020/12,,,,,,,,588452,164300,424153,-7003016,-7003016,-10131208,35991,,,,,,,,588452,164300,424153,7427169,-7003016,-10131208
(주)엔솔바이오사이언스,140610,2021/12,,,,,,,,368757,255584,113174,-7953130,-7953130,-9675754,124013,,,,,,,,368757,255584,113174,8066304,-7953130,-9675754
(주)엔솔바이오사이언스,140610,2022/12,,,,,,,,859515,111736,747779,-8139142,-8139142,-4963625,-49057,,,,,,,,859515,111736,747779,8886921,-8139142,-4963625
(주)엔에스엠,238170,2019/12,52359998,45177128,7182870,1905819,1905819,1641109,137074,19954464,15368338,4586126,2844156,2844156,842431,0,52359998,45177128,7182870,5277051,1905819,1641109,137074,19954464,15368338,4586126,1741970,2844156,842431
(주)엔에스엠,238170,2020/12,51164623,44431079,6733545,3218098,3218098,2491025,-458638,20364996,16396577,3968419,2696686,2696686,2169453,-609191,51164623,44431079,6733545,3515446,3218098,2491025,-458638,20364996,16396577,3968419,1271732,2696686,2169453
(주)엔에스엠,238170,2021/12,53185873,46819930,6365942,1314209,1314209,-430922,122436,15178180,12306387,2871793,1410395,1410395,-189755,-64732,53185873,46819930,6365942,5051734,1314209,-430922,122436,15178180,12306387,2871793,1461398,1410395,-189755
(주)엔에스엠,238170,2022/12,50147694,44770461,5377233,296291,296291,-285805,-370147,13456303,12070969,1385334,71038,71038,-1200787,-290574,50147694,44770461,5377233,5080942,296291,-285805,-370147,13456303,12070969,1385334,1314295,71038,-1200787
(주)엔지브이아이,093510,2019/12,,,,,,,,,,,,,,,,,,,,,,5237200,3944886,1292314,1148464,143850,80299
(주)엔지브이아이,093510,2020/12,,,,,,,,,,,,,,,,,,,,,,3474580,2675763,798817,1062630,-263813,-268369
(주)엔지브이아이,093510,2021/12,,,,,,,,,,,,,,,,,,,,,,1130248,1041654,88594,1260929,-1172335,-987024
(주)엔지브이아이,093510,2022/12,,,,,,,,,,,,,,,,,,,,,,869415,1711240,-841825,1277064,-2118888,-1745479
(주)엘리비젼,276240,2018/12,,,,,,,,,,,,,,,,,,,,,,2955583,2494408,461175,1462958,-1001783,-976937
(주)엘리비젼,276240,2019/12,,,,,,,,,,,,,,,,,,,,,,2901170,2696316,204854,1894721,-1689868,-2524889
(주)엘리비젼,276240,2020/12,,,,,,,,,,,,,,,,,,,,,,3522040,3441128,80912,1497596,-1416685,-1953069
(주)엘리비젼,276240,2021/12,,,,,,,,,,,,,,,,,,,,,,4083087,3516739,566349,1245317,-678968,-625117
(주)엘리비젼,276240,2022/12,,,,,,,,,,,,,,,,,,,,,,3320682,2566004,754678,1232378,-477701,-528604
(주)엘에이티,311060,2018/12,,,,,,,,,,,,,,,,,,,,,,10145070,8340264,1804806,1249668,555138,476805
(주)엘에이티,311060,2019/12,,,,,,,,,,,,,,,,,,,,,,10793102,8836840,1956261,2037521,-81260,-133656
(주)엘에이티,311060,2020/12,,,,,,,,,,,,,,,,,,,,,,11062380,7982808,3079572,2430129,649442,443727
(주)엘에이티,311060,2021/12,,,,,,,,,,,,,,,,,,,,,,9389327,7877484,1511843,2487673,-975830,-981763
(주)엘에이티,311060,2022/12,,,,,,,,16887886,12024585,4863302,1703657,1703657,1041501,-92779,,,,,,,,16887886,12024585,4863302,3159645,1703657,1041501
(주)원포유,122830,2020/12,,,,,,,,,,,,,,,,,,,,,,6865224,4165712,2699513,1414216,1285297,1177863
(주)원포유,122830,2021/12,,,,,,,,,,,,,,,,,,,,,,8957570,4413608,4543962,1970269,2573693,2708748
(주)원포유,122830,2022/12,,,,,,,,5772309,3982943,1789366,-18230,-18230,170331,-28007,,,,,,,,5772309,3982943,1789366,1807596,-18230,170331
(주)유엑스엔,337840,2019/12,,,,,,,,,,,,,,,,,,,,,,0,0,0,1235032,-1235032,-1326059
(주)유엑스엔,337840,2020/12,,,,,,,,,,,,,,,,,,,,,,20000,20000,0,2362448,-2362448,-2935459
(주)유엑스엔,337840,2021/12,,,,,,,,,,,,,,,,,,,,,,56364,26157,30207,3062479,-3032272,-3138417
(주)유엑스엔,337840,2022/12,,,,,,,,,,,,,,,,,,,,,,107350,86168,21182,5334565,-5313383,-5474486
(주)이노벡스,279060,2019/12,,,,,,,,,,,,,,,,,,,,,,6649746,5124166,1525580,1381666,143914,37026
(주)이노벡스,279060,2020/12,,,,,,,,4389488,4299857,89631,-1948012,-1948012,-5320893,0,,,,,,,,4389488,4299857,89631,2037642,-1948012,-5320893
(주)이노벡스,279060,2021/12,,,,,,,,3093537,2704177,389361,-2779668,-2779668,-2501169,9508,,,,,,,,3093537,2704177,389361,3169029,-2779668,-2501169
(주)이노벡스,279060,2022/12,,,,,,,,8072863,6309212,1763650,-2029520,-2029520,-2319722,0,,,,,,,,8072863,6309212,1763650,3793170,-2029520,-2319722
(주)이앤에치,341310,2019/12,16523053,12461243,4061810,1489900,1489899,-3480993,138847,16371486,12306127,4065360,1496918,1496917,-3473981,138847,16523053,12461243,4061810,2571911,1489899,-3480993,138847,16371486,12306127,4065360,2568443,1496917,-3473981
(주)이앤에치,341310,2020/12,44592822,21834054,22758768,19112079,19112079,14686957,1540430,44828809,21892260,22936550,19313222,19313222,14884339,1540430,44592822,21834054,22758768,3646689,19112079,14686957,1540430,44828809,21892260,22936550,3623327,19313222,14884339
(주)이앤에치,341310,2021/12,18573401,16142752,2430650,-978236,-978236,4192052,388826,18424243,16150555,2273688,-1427570,-1427570,3789935,388826,18573401,16142752,2430650,3408885,-978236,4192052,388826,18424243,16150555,2273688,3701258,-1427570,3789935
(주)이앤에치,341310,2022/12,13390598,16358958,-2968359,-5917805,-5917805,-13019197,238589,13190192,16310662,-3120469,-5643645,-5643645,-12710576,238589,13390598,16358958,-2968359,2949446,-5917805,-13019197,238589,13190192,16310662,-3120469,2523176,-5643645,-12710576
(주)이엠비,278990,2017/12,24666148,19733162,4932986,341843,341843,393895,-91929,22192555,17512805,4679749,985877,985877,-212971,-77897,24666148,19733162,4932986,4591142,341843,393895,-91929,22192555,17512805,4679749,3693873,985877,-212971
(주)이엠비,278990,2018/12,21992626,18742661,3249965,-165294,-165294,-206513,20243,19374538,17126278,2248260,-79981,-79981,-349148,20243,21992626,18742661,3249965,3415260,-165294,-206513,20243,19374538,17126278,2248260,2328241,-79981,-349148
(주)이엠비,278990,2019/12,27026192,23131657,3894535,955865,955865,600660,477116,24745471,21662350,3083120,437274,437274,489470,317516,27026192,23131657,3894535,2938671,955865,600660,477116,24745471,21662350,3083120,2645846,437274,489470
(주)이엠비,278990,2020/12,29162086,23538036,5624050,1793609,1793609,693034,-163679,27934126,22526277,5407849,1776473,1776473,1120862,-105601,29162086,23538036,5624050,3830442,1793609,693034,-163679,27934126,22526277,5407849,3631376,1776473,1120862
(주)이엠비,278990,2021/12,26027109,21305304,4721805,920722,920722,1922002,392712,24678170,20354431,4323738,613415,613415,1551300,439662,26027109,21305304,4721805,3801084,920722,1922002,392712,24678170,20354431,4323738,3710323,613415,1551300
(주)이엠비,278990,2022/12,24281641,19447338,4834303,1815837,1815837,1291121,99378,22552743,18508197,4044546,1090165,1090165,201832,-194668,24281641,19447338,4834303,3018467,1815837,1291121,99378,22552743,18508197,4044546,2954381,1090165,201832
(주)제노텍,066830,2016/12,,,,,,,,5628626,4249315,1379311,-500676,-500676,-858579,0,,,,,,,,5628626,4249315,1379311,1879987,-500676,-858579
(주)제노텍,066830,2017/12,,,,,,,,5294418,5207182,87236,-1616887,-1616887,-3138603,0,,,,,,,,5294418,5207182,87236,1704123,-1616887,-3138603
(주)제노텍,066830,2018/12,,,,,,,,3106638,1723233,1383405,-98316,-98316,1224517,0,,,,,,,,3106638,1723233,1383405,1481721,-98316,1224517
(주)제노텍,066830,2019/12,,,,,,,,2967891,1417745,1550146,178758,178758,821,0,,,,,,,,2967891,1417745,1550146,1371388,178758,821
(주)제노텍,066830,2020/12,,,,,,,,7385760,2402812,4982948,3512565,3512565,3414036,-138756,,,,,,,,7385760,2402812,4982948,1470384,3512565,3414036
(주)제노텍,066830,2021/12,,,,,,,,6603065,1880759,4722306,3192767,3192767,3156418,0,,,,,,,,6603065,1880759,4722306,1529539,3192767,3156418
(주)제노텍,066830,2022/12,,,,,,,,5205993,1903178,3302815,1718310,1718310,1775271,20444,,,,,,,,5205993,1903178,3302815,1584505,1718310,1775271
(주)제이엠멀티,254160,2021/12,,,,,,,,,,,,,,,,,,,,,,13512147,9469716,4042431,4966345,-923914,3482609
(주)제이엠멀티,254160,2022/12,,,,,,,,,,,,,,,26967904,16870221,10097683,9401078,696605,-644610,-368380,15128063,9207298,5920765,5198757,722007,-362857
(주)젬,248020,2021/12,,,,,,,,,,,,,,,,,,,,,,18568300,13904219,4664081,7624362,-2960281,-4307986
(주)젬,248020,2022/12,,,,,,,,,,,,,,,18182729,13189531,4993197,6017415,-1024217,-3169286,-522734,18057929,13093862,4964068,5866410,-902343,-3092038
(주)지앤이헬스케어,299480,2018/12,,,,,,,,,,,,,,,,,,,,,,9252351,4765795,4486556,3444153,1042403,1091354
(주)지앤이헬스케어,299480,2019/12,,,,,,,,,,,,,,,,,,,,,,5000452,3308454,1691998,3228361,-1536364,-1584716
(주)지앤이헬스케어,299480,2020/12,,,,,,,,,,,,,,,,,,,,,,6292730,3017342,3275388,2462789,812599,544838
(주)지앤이헬스케어,299480,2021/12,,,,,,,,,,,,,,,,,,,,,,5026077,2781820,2244257,2859975,-615718,-953921
(주)지앤이헬스케어,299480,2022/12,,,,,,,,,,,,,,,4144634,1755473,2389160,2681918,-292758,-422096,38574,3784212,1763303,2020909,2289238,-268330,-419628
(주)지에프씨생명과학,388610,2022/12,,,,,,,,,,,,,,,,,,,,,,14158238,7954090,6204148,5601597,602551,234457
(주)진코스텍,250030,2019/12,,,,,,,,,,,,,,,,,,,,,,22663407,16285223,6378184,4286777,2091407,1777454
(주)진코스텍,250030,2020/12,26847558,19070041,7777516,3900869,3900869,2419884,362910,26847558,19070041,7777516,3902267,3902267,2420528,362910,26847558,19070041,7777516,3876647,3900869,2419884,362910,26847558,19070041,7777516,3875249,3902267,2420528
(주)진코스텍,250030,2021/12,14887214,12674858,2212357,-2747960,-2747960,-1457273,-1075473,14887214,12674858,2212357,-2747650,-2747650,-1408915,-1075473,14887214,12674858,2212357,4960317,-2747960,-1457273,-1075473,14887214,12674858,2212357,4960007,-2747650,-1408915
(주)진코스텍,250030,2022/12,17600849,15920954,1679894,-3194575,-3194575,-3250669,1405889,17600849,15920954,1679894,-3194190,-3194190,-3250669,1405889,17600849,15920954,1679894,4874469,-3194575,-3250669,1405889,17600849,15920954,1679894,4874084,-3194190,-3250669
(주)질경이,233990,2015/12,,,,,,,,,,,,,,,,,,,,,,5833090,154721,5678369,4653905,1024463,824514
(주)질경이,233990,2016/12,11297491,1086408,10211083,553194,553194,-13720669,31825,11297491,1086408,10211083,558574,558574,-13715292,31825,11297491,1086408,10211083,9657889,553194,-13720669,31825,11297491,1086408,10211083,9652509,558574,-13715292
(주)질경이,233990,2017/12,20555767,1299106,19256661,-1908685,-1908685,-1994447,-253854,20263136,1264602,18998534,-874032,-874032,-1954953,-253854,20555767,1299106,19256661,21165346,-1908685,-1994447,-253854,20263136,1264602,18998534,19872565,-874032,-1954953
(주)질경이,233990,2018/12,21533550,3364786,18168764,-2743935,-2743935,-2664200,376662,20684960,3277590,17407370,-1864972,-1864972,-2398285,376662,21533550,3364786,18168764,20912699,-2743935,-2664200,376662,20684960,3277590,17407370,19272342,-1864972,-2398285
(주)질경이,233990,2019/12,22909828,4438230,18471597,-411844,-411844,-1294608,5756,22280001,4405021,17874981,-139028,-139028,-1329328,5756,22909828,4438230,18471597,18883441,-411844,-1294608,5756,22280001,4405021,17874981,18014009,-139028,-1329328
(주)질경이,233990,2020/12,12278776,3416176,8862600,-1339974,-1339974,-833774,0,12217906,3386200,8831706,-1024350,-1024350,-936700,0,12278776,3416176,8862600,10202574,-1339974,-833774,0,12217906,3386200,8831706,9856056,-1024350,-936700
(주)질경이,233990,2021/12,10335646,3024569,7311078,-1896684,-1896684,-2222701,0,10352132,3041163,7310968,-1709506,-1709506,-2005106,0,10335646,3024569,7311078,9207761,-1896684,-2222701,0,10352132,3041163,7310968,9020474,-1709506,-2005106
(주)질경이,233990,2022/12,9091448,2508638,6582811,-971045,-971045,-1102090,0,9071945,2519336,6552609,-936912,-936912,-1095595,0,9091448,2508638,6582811,7553856,-971045,-1102090,0,9071945,2519336,6552609,7489521,-936912,-1095595
(주)카이바이오텍,446600,2022/12,,,,,,,,,,,,,,,,,,,,,,4483512,3316482,1167031,1670357,-503327,-571495
(주)케이씨산업,112190,2016/12,,,,,,,,,,,,,,,,,,,,,,52002399,46223496,5778903,3037653,2741250,405005
(주)케이씨산업,112190,2017/12,,,,,,,,54847563,49769750,5077812,907994,907994,863176,193489,,,,,,,,54847563,49769750,5077812,4169819,907994,863176
(주)케이씨산업,112190,2018/12,,,,,,,,68302358,57441763,10860595,5993069,5993069,4858658,569705,,,,,,,,68302358,57441763,10860595,4867526,5993069,4858658
(주)케이씨산업,112190,2019/12,,,,,,,,61047332,51480242,9567091,3459687,3459687,1893801,299069,,,,,,,,61047332,51480242,9567091,6107404,3459687,1893801
(주)케이씨산업,112190,2020/12,,,,,,,,73382798,61790862,11591936,5375632,5375632,1370327,-309899,,,,,,,,73382798,61790862,11591936,6216305,5375632,1370327
(주)케이씨산업,112190,2021/12,,,,,,,,74565619,64170752,10394867,3130493,3130493,1122839,-88460,,,,,,,,74565619,64170752,10394867,7264375,3130493,1122839
(주)케이씨산업,112190,2022/12,,,,,,,,82677114,71141837,11535276,1528281,1528281,1045844,614856,,,,,,,,82677114,71141837,11535276,10006996,1528281,1045844
(주)켈스,402420,2021/12,,,,,,,,,,,,,,,,,,,,,,6758048,3633348,3124700,3273569,-148869,-46447
(주)켈스,402420,2022/12,,,,,,,,12546511,9029615,3516895,-1707245,-1707245,-80836,0,,,,,,,,12546511,9029615,3516895,5224140,-1707245,-80836
(주)코나솔,176590,2022/12,,,,,,,,,,,,,,,,,,,,,,22076752,13864913,8211839,6495336,1716503,1586988
(주)코셋,189350,2013/12,,,,,,,,,,,,,,,,,,,,,,9780211,5779381,4000830,2168020,1832810,1571832
(주)코셋,189350,2014/12,,,,,,,,,,,,,,,,,,,,,,8198084,5550242,2647842,6565185,-3917343,-3346178
(주)코셋,189350,2015/12,,,,,,,,,,,,,,,,,,,,,,8399775,5214408,3185367,2762906,422461,1041421
(주)코셋,189350,2016/12,,,,,,,,,,,,,,,,,,,,,,10838751,7460566,3378185,3078691,299494,1041067
(주)코셋,189350,2017/12,,,,,,,,,,,,,,,,,,,,,,11842587,8294192,3548395,2869862,678533,449747
(주)코셋,189350,2018/12,,,,,,,,,,,,,,,,,,,,,,11126160,9397372,1728789,4180986,-2452197,-2419245
(주)코셋,189350,2019/12,,,,,,,,,,,,,,,,,,,,,,11667835,10117084,1550751,4498869,-2948119,-2867836
(주)코셋,189350,2020/12,,,,,,,,,,,,,,,,,,,,,,11144849,9396698,1748151,4724757,-2976607,-321498
(주)코셋,189350,2021/12,,,,,,,,,,,,,,,,,,,,,,8062964,7426213,636751,5040614,-4403863,-5714117
(주)코셋,189350,2022/12,,,,,,,,,,,,,,,,,,,,,,11872150,9001614,2870536,4404033,-1533497,-1813728
(주)큐러블,086460,2013/12,,,,,,,,,,,,,,,,,,,,,,1092413,576363,516049,760973,-244923,-314063
(주)큐러블,086460,2014/12,,,,,,,,,,,,,,,,,,,,,,929308,513149,416159,472345,-56186,1827550
(주)큐러블,086460,2015/12,,,,,,,,,,,,,,,,,,,,,,1112692,854884,257809,542642,-284833,3287247
(주)큐러블,086460,2016/12,,,,,,,,,,,,,,,,,,,,,,979511,819092,160419,565798,-405378,-1557764
(주)큐러블,086460,2017/12,,,,,,,,,,,,,,,,,,,,,,970847,846639,124209,378112,-253904,1501575
(주)큐러블,086460,2018/12,,,,,,,,,,,,,,,,,,,,,,919264,682619,236645,418380,-181735,6745115
(주)큐러블,086460,2019/12,,,,,,,,,,,,,,,,,,,,,,649464,513524,135940,422767,-286827,-4703614
(주)큐러블,086460,2020/12,,,,,,,,,,,,,,,,,,,,,,773821,793393,-19572,358270,-377843,5519314
(주)큐러블,086460,2021/12,,,,,,,,,,,,,,,,,,,,,,1194223,1047340,146882,341619,-194736,-4763105
(주)큐러블,086460,2022/12,387367,390228,-2861,-3063922,-3063922,-1338571,16477,387367,390228,-2861,-2921478,-2921478,-1338567,16477,387367,390228,-2861,3061061,-3063922,-1338571,16477,387367,390228,-2861,2918617,-2921478,-1338567
(주)큐엠씨,136660,2014/12,,,,,,,,13685817,11278850,2406967,-2249929,-2249929,-4117686,27421,,,,,,,,13685817,11278850,2406967,4656896,-2249929,-4117686
(주)큐엠씨,136660,2015/12,,,,,,,,,,,,,,,,,,,,,,7508671,15729891,-8221220,4483393,-12704613,-14523198
(주)큐엠씨,136660,2016/12,,,,,,,,,,,,,,,,,,,,,,11087535,11252334,-164799,3677803,-3842602,-4178139
(주)큐엠씨,136660,2017/12,54524509,39675266,14849243,9175323,9175323,3327935,114102,54512961,39373103,15139858,9670335,9670335,2903139,114102,54524509,39675266,14849243,5673920,9175323,3327935,114102,54512961,39373103,15139858,5469523,9670335,2903139
(주)큐엠씨,136660,2018/12,37567267,26059901,11507367,5615452,5615452,843400,-1407551,37567267,26059901,11507367,5843660,5843660,747943,-1407551,37567267,26059901,11507367,5891915,5615452,843400,-1407551,37567267,26059901,11507367,5663707,5843660,747943
(주)큐엠씨,136660,2019/12,,,,,,,,5274376,9021173,-3746797,-8264625,-8264625,-8212360,313916,,,,,,,,5274376,9021173,-3746797,4517828,-8264625,-8212360
(주)큐엠씨,136660,2020/12,,,,,,,,15034559,13434957,1599602,-2766624,-2766624,-2632657,-185529,,,,,,,,15034559,13434957,1599602,4366226,-2766624,-2632657
(주)큐엠씨,136660,2021/12,,,,,,,,10518780,11407822,-889042,-4698822,-4698822,-4507549,1358537,,,,,,,,10518780,11407822,-889042,3809779,-4698822,-4507549
(주)큐엠씨,136660,2022/12,,,,,,,,14831115,13259694,1571421,-2517228,-2517228,-2535973,-140832,,,,,,,,14831115,13259694,1571421,4088649,-2517228,-2535973
(주)타스컴,336040,2019/12,,,,,,,,,,,,,,,,,,,,,,8644434,8238241,406193,2746203,-2340010,-2311088
(주)타스컴,336040,2020/12,,,,,,,,,,,,,,,,,,,,,,9097635,8549293,548342,3553422,-3005079,-3451616
(주)타스컴,336040,2021/12,,,,,,,,,,,,,,,,,,,,,,10274721,9079812,1194909,4270967,-3076058,-40900435
(주)타스컴,336040,2022/12,,,,,,,,,,,,,,,,,,,,,,9012254,7864498,1147756,5770480,-4622724,-4698633
(주)타이드,346010,2022/12,,,,,,,,,,,,,,,,,,,,,,6831122,4572420,2258702,3991399,-1732698,-1862865
(주)타임기술,318660,2021/12,,,,,,,,,,,,,,,,,,,,,,3109764,1958551,1151213,870866,280348,168808
(주)타임기술,318660,2022/12,,,,,,,,,,,,,,,,,,,,,,3703428,2752526,950902,710805,240097,187481
(주)탈로스,434190,2022/12,,,,,,,,12856659,9573161,3283498,2330214,2330214,1338760,453521,,,,,,,,12856659,9573161,3283498,953284,2330214,1338760
(주)테크엔,308700,2018/12,,,,,,,,,,,,,,,,,,,,,,9355508,5256604,4098904,3692236,406669,101765
(주)테크엔,308700,2019/12,,,,,,,,,,,,,,,,,,,,,,9657833,8086107,1571726,3391136,-1819410,-1853767
(주)테크엔,308700,2020/12,,,,,,,,,,,,,,,,,,,,,,8681789,5543969,3137820,2823525,314295,235453
(주)테크엔,308700,2021/12,,,,,,,,,,,,,,,,,,,,,,6977962,5611099,1366863,2400226,-1033364,-1224852
(주)테크엔,308700,2022/12,,,,,,,,,,,,,,,,,,,,,,4117477,4112492,4985,1276907,-1271922,-1519388
(주)테크트랜스,258050,2018/12,,,,,,,,,,,,,,,,,,,,,,224177,793524,-569347,1406138,-1975487,-2010798
(주)테크트랜스,258050,2019/12,,,,,,,,,,,,,,,,,,,,,,82052,733227,-651176,1471779,-2122955,-2152910
(주)테크트랜스,258050,2020/12,,,,,,,,,,,,,,,,,,,,,,82406,488694,-406288,1160868,-1567157,-1674524
(주)테크트랜스,258050,2021/12,,,,,,,,,,,,,,,,,,,,,,176642,421624,-244982,790448,-1035431,-1060916
(주)테크트랜스,258050,2022/12,,,,,,,,,,,,,,,,,,,,,,131134,436352,-305218,978750,-1283968,-1361828
(주)티엘엔지니어링,413300,2022/12,,,,,,,,,,,,,,,,,,,,,,10633590,9047298,1586292,1488964,97328,-595755
(주)틸론,217880,2015/12,,,,,,,,,,,,,,,,,,,,,,5327643,2936793,2390850,3737995,-1347145,-1527451
(주)틸론,217880,2016/12,,,,,,,,,,,,,,,,,,,,,,6789503,3456068,3333435,3409841,-76406,-236681
(주)틸론,217880,2017/12,,,,,,,,,,,,,,,,,,,,,,9577811,6125108,3452703,3398106,54597,-168388
(주)틸론,217880,2018/12,,,,,,,,,,,,,,,,,,,,,,10461268,6259723,4201545,3876950,324595,1106268
(주)틸론,217880,2019/12,,,,,,,,,,,,,,,,,,,,,,10490757,8454607,2036150,6050831,-4014681,-5818642
(주)틸론,217880,2020/12,,,,,,,,,,,,,,,,,,,,,,9090865,6820963,2269902,7037232,-4767331,-8743362
(주)틸론,217880,2021/12,,,,,,,,,,,,,,,,,,,,,,12593664,6916219,5677445,7172720,-1495275,924454
(주)틸론,217880,2022/12,9759673,2732297,7027377,-888125,-888125,-1932174,0,9755423,2732297,7023127,-867991,-867991,-1909110,0,9759673,2732297,7027377,7915502,-888125,-1932174,0,9755423,2732297,7023127,7891117,-867991,-1909110
(주)파마리서치바이오,217950,2015/12,,,,,,,,,,,,,,,,,,,,,,2122216,25964,2096252,1879762,216490,-823471
(주)파마리서치바이오,217950,2016/12,,,,,,,,,,,,,,,,,,,,,,148760,7900,140860,5454925,-5314065,-4457812
(주)파마리서치바이오,217950,2017/12,,,,,,,,,,,,,,,,,,,,,,3377,2116,1261,6107809,-6106548,-6305570
(주)파마리서치바이오,217950,2018/12,,,,,,,,,,,,,,,,,,,,,,0,0,0,6306864,-6306864,-1632263
(주)파마리서치바이오,217950,2019/12,,,,,,,,3251000,1317022,1933978,-392566,-392566,-851217,0,,,,,,,,3251000,1317022,1933978,2326544,-392566,-851217
(주)파마리서치바이오,217950,2020/12,,,,,,,,6309525,3933237,2376288,388241,388241,21230,0,,,,,,,,6309525,3933237,2376288,1988047,388241,21230
(주)파마리서치바이오,217950,2021/12,,,,,,,,10578986,5247762,5331223,2624941,2624941,2310520,0,,,,,,,,10578986,5247762,5331223,2706282,2624941,2310520
(주)파마리서치바이오,217950,2022/12,,,,,,,,12505985,5689483,6816502,2508572,2508572,3971020,-3447239,,,,,,,,12505985,5689483,6816502,4307930,2508572,3971020
(주)파워풀엑스,266870,2017/12,,,,,,,,,,,,,,,,,,,,,,13515768,3085624,10430144,9048520,1381624,1383600
(주)파워풀엑스,266870,2018/12,,,,,,,,,,,,,,,,,,,,,,13874400,3226331,10648068,9946574,701494,353018
(주)파워풀엑스,266870,2019/12,,,,,,,,15506225,4083096,11423128,-753602,-753602,-777811,-85577,,,,,,,,15506225,4083096,11423128,12176731,-753602,-777811
(주)파워풀엑스,266870,2020/12,,,,,,,,20393899,6564517,13829383,423019,423019,305278,-2193,,,,,,,,20393899,6564517,13829383,13406363,423019,305278
(주)파워풀엑스,266870,2021/12,,,,,,,,14447887,3002538,11445349,562594,562594,-189336,843,,,,,,,,14447887,3002538,11445349,10882755,562594,-189336
(주)파워풀엑스,266870,2022/12,,,,,,,,13276519,3167607,10108912,-907413,-907413,3396506,695594,,,,,,,,13276519,3167607,10108912,11016326,-907413,3396506
(주)판도라티비,202960,2014/12,,,,,,,,11570484,6298735,5271749,1725035,1725035,1197861,0,,,,,,,,11570484,6298735,5271749,3546715,1725035,1197861
(주)판도라티비,202960,2015/12,10423951,6300411,4123540,-537135,-537135,-1569790,0,10413146,6257970,4155176,-465523,-465523,-1499891,0,10423951,6300411,4123540,4660675,-537135,-1569790,0,10413146,6257970,4155176,4620699,-465523,-1499891
(주)판도라티비,202960,2016/12,13518115,8097075,5421039,228571,228571,308074,-127279,11694043,7539560,4154482,275481,275481,82660,-199522,13518115,8097075,5421039,5192468,228571,308074,-127279,11694043,7539560,4154482,3879002,275481,82660
(주)판도라티비,202960,2017/12,19109635,9614215,9495420,2280445,2280445,2070647,253089,10930655,7352902,3577753,851425,851425,869432,0,19109635,9614215,9495420,7214976,2280445,2070647,253089,10930655,7352902,3577753,2726328,851425,869432
(주)판도라티비,202960,2018/12,16826178,8329271,8496907,1502548,1502548,-2173091,189782,8459782,5418455,3041327,374562,374562,-2283834,156352,16826178,8329271,8496907,6994359,1502548,-2173091,189782,8459782,5418455,3041327,2666765,374562,-2283834
(주)판도라티비,202960,2019/12,13121628,6600624,6521004,663984,663984,138148,1271004,4822003,3232919,1589084,-547142,-547142,121162,9916,13121628,6600624,6521004,5857020,663984,138148,1271004,4822003,3232919,1589084,2136226,-547142,121162
(주)판도라티비,202960,2020/12,13021809,6203823,6817986,759284,759284,391511,115613,4201878,2112240,2089638,-278448,-278448,91749,0,13021809,6203823,6817986,6058702,759284,391511,115613,4201878,2112240,2089638,2368085,-278448,91749
(주)판도라티비,202960,2021/12,15527910,6634233,8893677,2734171,2734171,2519075,187566,5845943,1872344,3973599,1536104,1536104,2029861,0,15527910,6634233,8893677,6159507,2734171,2519075,187566,5845943,1872344,3973599,2437496,1536104,2029861
(주)판도라티비,202960,2022/12,15148366,7053160,8095206,717278,717278,951069,161246,5383707,2008065,3375642,-359155,-359155,443023,0,15148366,7053160,8095206,7377927,717278,951069,161246,5383707,2008065,3375642,3734797,-359155,443023
(주)펨토바이오메드,327610,2019/12,,,,,,,,210865,174609,36256,-2803905,-2803905,-4548697,0,,,,,,,,210865,174609,36256,2840161,-2803905,-4548697
(주)펨토바이오메드,327610,2020/12,,,,,,,,250432,464130,-213698,-3571483,-3571483,-3570699,0,,,,,,,,250432,464130,-213698,3357785,-3571483,-3570699
(주)펨토바이오메드,327610,2021/12,,,,,,,,230494,357300,-126806,-4005926,-4005926,-9335939,0,,,,,,,,230494,357300,-126806,3879119,-4005926,-9335939
(주)펨토바이오메드,327610,2022/12,,,,,,,,183372,120409,62962,-5718123,-5718123,-1225297,0,,,,,,,,183372,120409,62962,5781085,-5718123,-1225297
(주)플럼라인생명과학,222670,2015/12,,,,,,,,,,,,,,,,,,,,,,0,0,0,2267887,-2267887,-7023721
(주)플럼라인생명과학,222670,2016/12,,,,,,,,,,,,,,,,,,,,,,0,0,0,2260026,-2260026,-3183301
(주)플럼라인생명과학,222670,2017/12,,,,,,,,,,,,,,,,,,,,,,0,0,0,2648534,-2648534,-3579072
(주)플럼라인생명과학,222670,2018/12,,,,,,,,,,,,,,,,,,,,,,0,0,0,2042559,-2042559,-3207419
(주)플럼라인생명과학,222670,2019/12,,,,,,,,,,,,,,,,,,,,,,0,0,0,3885700,-3885700,-4390201
(주)플럼라인생명과학,222670,2020/12,,,,,,,,,,,,,,,,,,,,,,0,0,0,1604434,-1604434,-1531637
(주)플럼라인생명과학,222670,2021/12,,,,,,,,,,,,,,,,,,,,,,0,0,0,1558579,-1558579,-1814877
(주)플럼라인생명과학,222670,2022/12,,,,,,,,,,,,,,,,,,,,,,0,0,0,1436046,-1436046,-1761415
(주)피노텍,150440,2014/12,,,,,,,,,,,,,,,,,,,,,,2746753,1630049,1116703,2601938,-1485235,-2431277
(주)피노텍,150440,2015/12,,,,,,,,,,,,,,,,,,,,,,6279043,4228048,2050995,3976768,-1925773,-1495389
(주)피노텍,150440,2016/12,,,,,,,,10910392,8455867,2454526,-2289498,-2289498,-2447851,-25109,,,,,,,,10910392,8455867,2454526,4744024,-2289498,-2447851
(주)피노텍,150440,2017/12,,,,,,,,11030824,8527371,2503453,-2884634,-2884634,-3692942,-101674,,,,,,,,11030824,8527371,2503453,5388087,-2884634,-3692942
(주)피노텍,150440,2018/12,21566238,14229054,7337184,2042970,2042970,650894,-79577,20826528,14229054,6597474,1843766,1843766,451691,-123402,21566238,14229054,7337184,5294214,2042970,650894,-79577,20826528,14229054,6597474,4753708,1843766,451691
(주)피노텍,150440,2019/12,16094369,11930868,4163501,-1113718,-1113718,-1737109,0,16094369,11930868,4163501,-915373,-915373,-1564240,0,16094369,11930868,4163501,5277219,-1113718,-1737109,0,16094369,11930868,4163501,5078874,-915373,-1564240
(주)피노텍,150440,2020/12,,,,,,,,8643717,6631724,2011992,-1043339,-1043339,-766242,224738,,,,,,,,8643717,6631724,2011992,3055331,-1043339,-766242
(주)피노텍,150440,2021/12,,,,,,,,12861275,10694426,2166849,-1504053,-1504053,-2560990,0,,,,,,,,12861275,10694426,2166849,3670902,-1504053,-2560990
(주)피노텍,150440,2022/12,,,,,,,,10428760,9434337,994424,-2757073,-2757073,-10082280,0,,,,,,,,10428760,9434337,994424,3751496,-2757073,-10082280
(주)한국미라클피플사,331660,2019/12,,,,,,,,,,,,,,,,,,,,,,22768889,10599944,12168945,14624040,-2455095,-2779745
(주)한국미라클피플사,331660,2020/12,,,,,,,,31754532,17761401,13993131,1446586,1446586,848249,250929,,,,,,,,31754532,17761401,13993131,12546546,1446586,848249
(주)한국미라클피플사,331660,2021/12,,,,,,,,22463884,14364154,8099730,-2212980,-2212980,-2368307,579141,,,,,,,,22463884,14364154,8099730,10312710,-2212980,-2368307
(주)한국미라클피플사,331660,2022/12,,,,,,,,29945359,19771446,10173913,387897,387897,-591110,63740,,,,,,,,29945359,19771446,10173913,9786015,387897,-591110
(주)한중엔시에스,107640,2013/12,61116365,51691981,9424384,2323423,2323423,1592962,669836,61116365,51691981,9424384,2323423,2323423,1592962,669836,61116365,51691981,9424384,7100961,2323423,1592962,669836,61116365,51691981,9424384,7100961,2323423,1592962
(주)한중엔시에스,107640,2014/12,,,,,,,,,,,,,,,,,,,,,,58166333,50375651,7790682,8970316,-1179633,-663328
(주)한중엔시에스,107640,2015/12,,,,,,,,,,,,,,,,,,,,,,63548206,56359323,7188883,7108377,80506,592565
(주)한중엔시에스,107640,2016/12,72549060,63624806,8924254,518971,518971,-1601723,-527016,72549060,63624806,8924254,512030,512030,-1608664,-528060,72549060,63624806,8924254,8405282,518971,-1601723,-527016,72549060,63624806,8924254,8412223,512030,-1608664
(주)한중엔시에스,107640,2017/12,70086308,61446717,8639590,271912,271912,-1735486,-463638,70698620,61445613,9253007,967932,967932,-1041039,-461716,70086308,61446717,8639590,8367678,271912,-1735486,-463638,70698620,61445613,9253007,8285075,967932,-1041039
(주)한중엔시에스,107640,2018/12,75382745,63024196,12358549,3562683,3562683,1607869,387413,75393247,63544470,11848778,3165930,3165930,1219634,387413,75382745,63024196,12358549,8795865,3562683,1607869,387413,75393247,63544470,11848778,8682848,3165930,1219634
(주)한중엔시에스,107640,2019/12,82543625,71446937,11096688,2229516,2229516,323413,32390,82880600,71652237,11228363,2504347,2504347,614967,28991,82543625,71446937,11096688,8867171,2229516,323413,32390,82880600,71652237,11228363,8724016,2504347,614967
(주)한중엔시에스,107640,2020/12,71164979,66588784,4576194,-3656300,-3656300,-5666970,-1399229,71347220,66622872,4724348,-3278006,-3278006,-5332023,-1400269,71164979,66588784,4576194,8232494,-3656300,-5666970,-1399229,71347220,66622872,4724348,8002354,-3278006,-5332023
(주)한중엔시에스,107640,2021/12,89564030,78892759,10671270,1688714,1688714,-1808079,50753,89298520,78617463,10681057,1888499,1888499,-1627781,50674,89564030,78892759,10671270,8982556,1688714,-1808079,50753,89298520,78617463,10681057,8792558,1888499,-1627781
(주)한중엔시에스,107640,2022/12,88517278,89872549,-1355271,-13924874,-13924874,-20368183,-104155,88546487,89661985,-1115498,-13916952,-13916952,-21089534,-104226,88517278,89872549,-1355271,12569603,-13924874,-20368183,-104155,88546487,89661985,-1115498,12801454,-13916952,-21089534
(주)휴벡셀,212310,2016/12,,,,,,,,,,,,,,,,,,,,,,7207625,4068635,3138990,4415536,-1276546,-1549616
(주)휴벡셀,212310,2017/12,,,,,,,,,,,,,,,,,,,,,,8150392,3525708,4624684,5252997,-628313,-1618612
(주)휴벡셀,212310,2018/12,,,,,,,,,,,,,,,7268853,2478963,4789890,6866790,-2076900,-2712354,-58651,6144488,2271277,3873211,4274916,-401705,-1014004
(주)휴벡셀,212310,2019/12,,,,,,,,,,,,,,,6508092,2976623,3531469,6425500,-2894031,-5233191,664298,3697946,3734009,-36063,8751353,-8787416,-11111474
(주)휴벡셀,212310,2020/12,,,,,,,,,,,,,,,8117494,4940190,3177304,6541490,-3364186,-4668503,0,6280750,5092590,1188160,3550697,-2362536,-4569781
(주)휴벡셀,212310,2021/12,,,,,,,,,,,,,,,6727461,4367803,2359658,5355821,-2996164,-5236216,0,4367942,3689656,678286,3168609,-2490322,-5236216
(주)휴벡셀,212310,2022/12,,,,,,,,,,,,,,,7229240,4952201,2277039,6081144,-3804105,-3566639,0,4918706,4941947,-23241,3481987,-3505228,-3062785
도부마스크 (주),227420,2016/12,136186074,123319029,12867046,40460,40460,-1869526,174607,2775467,0,2775467,-488318,-488318,-1082881,242198,136186074,123319029,12867046,12826586,40460,-1869526,174607,2775467,0,2775467,3263786,-488318,-1082881
도부마스크 (주),227420,2017/12,14921920,10582822,4339098,-458525,-458525,-4211019,230268,12251168,0,12251168,-1646,-1646,-5156671,238234,14921920,10582822,4339098,4797623,-458525,-4211019,230268,12251168,0,12251168,12252815,-1646,-5156671
도부마스크 (주),227420,2018/12,12559649,9264785,3294864,150055,150055,-3124956,126233,10565310,9010894,1554416,208374,208374,-3177320,126233,12559649,9264785,3294864,3144809,150055,-3124956,126233,10565310,9010894,1554416,1346043,208374,-3177320
도부마스크 (주),227420,2019/12,4493898,787087,3706811,-3526711,-3526711,-5596405,-28555,3469876,504800,2965076,-3340473,-3340473,-5442348,-28555,4493898,787087,3706811,7233522,-3526711,-5596405,-28555,3469876,504800,2965076,6305549,-3340473,-5442348
도부마스크 (주),227420,2020/12,,,,,,,,124052196,80221880,43830316,34052852,34052852,32338609,6299921,,,,,,,,124052196,80221880,43830316,9777463,34052852,32338609
도부마스크 (주),227420,2021/12,,,,,,,,5171798,8719576,-3547778,-12111007,-12111007,-11730257,-1756249,,,,,,,,5171798,8719576,-3547778,8563230,-12111007,-11730257
도부마스크 (주),227420,2022/12,,,,,,,,4713863,11521991,-6808128,-13795522,-13795522,-15668206,0,,,,,,,,4713863,11521991,-6808128,6987394,-13795522,-15668206
럭스피아(주),092590,2015/12,,,,,,,,,,,,,,,,,,,,,,9372577,6945375,2427202,1821147,606055,598556
럭스피아(주),092590,2016/12,,,,,,,,,,,,,,,,,,,,,,10333502,7846355,2487147,1912289,574858,391184
럭스피아(주),092590,2017/12,,,,,,,,,,,,,,,,,,,,,,11166765,8430496,2736270,2127652,608617,515179
럭스피아(주),092590,2018/12,,,,,,,,,,,,,,,,,,,,,,12154241,9152250,3001991,2320661,681330,607506
럭스피아(주),092590,2019/12,,,,,,,,,,,,,,,,,,,,,,15303200,11172113,4131087,2251320,1879766,1481076
럭스피아(주),092590,2020/12,,,,,,,,,,,,,,,,,,,,,,22463818,15544340,6919478,2986754,3932723,3975987
럭스피아(주),092590,2021/12,,,,,,,,,,,,,,,,,,,,,,16681410,12372678,4308732,3271624,1037108,1037352
럭스피아(주),092590,2022/12,,,,,,,,,,,,,,,,,,,,,,14824681,11234423,3590258,2533375,1056883,535309
베른(주),322190,2020/12,,,,,,,,,,,,,,,,,,,,,,10090820,10020362,70458,2113298,-2042840,-1883159
베른(주),322190,2021/12,,,,,,,,,,,,,,,,,,,,,,9088622,9785209,-696587,2263631,-2960217,-3573082
베른(주),322190,2022/12,,,,,,,,,,,,,,,4020737,4292646,-271910,2968885,-3240795,-3419171,-4085,3528654,4310374,-781720,2427571,-3209291,-3415086
뿌리깊은나무들(주),266170,2017/12,1778924,153643,1625281,-453675,-453675,210028,61071,243528,153643,89885,-486588,-486588,177273,61071,1778924,153643,1625281,2078955,-453675,210028,61071,243528,153643,89885,576473,-486588,177273
뿌리깊은나무들(주),266170,2018/12,1314460,1004848,309611,-696948,-696948,-2106622,-370092,567170,316437,250732,-360320,-360320,-1808150,-370092,1314460,1004848,309611,1006559,-696948,-2106622,-370092,567170,316437,250732,611052,-360320,-1808150
뿌리깊은나무들(주),266170,2019/12,1826882,1559076,267806,-2082805,-2082805,-5642968,307057,1471024,1284053,186971,-1938129,-1938129,-5540591,307057,1826882,1559076,267806,2350611,-2082805,-5642968,307057,1471024,1284053,186971,2125100,-1938129,-5540591
뿌리깊은나무들(주),266170,2020/12,,,,,,,,3641282,1095727,2545555,736812,736812,588833,0,,,,,,,,3641282,1095727,2545555,1808743,736812,588833
뿌리깊은나무들(주),266170,2021/12,776152,800343,-24191,-2712687,-2712687,-5927862,0,776152,800343,-24191,-2371088,-2371088,-5585967,0,776152,800343,-24191,2688496,-2712687,-5927862,0,776152,800343,-24191,2346897,-2371088,-5585967
뿌리깊은나무들(주),266170,2022/12,1290129,1186603,103525,-2202323,-2202323,-1228419,0,1290129,1186603,103525,-1923263,-1923263,-1292534,0,1290129,1186603,103525,2305848,-2202323,-1228419,0,1290129,1186603,103525,2026788,-1923263,-1292534
아이케이세미콘(주),149010,2014/12,,,,,,,,,,,,,,,,,,,,,,15134286,11289117,3845169,2798017,1047152,600304
아이케이세미콘(주),149010,2015/12,15201966,12221657,2980308,-719557,-719557,-1948972,9762,15004871,12180979,2823892,-704690,-704690,-1921902,9762,15201966,12221657,2980308,3699865,-719557,-1948972,9762,15004871,12180979,2823892,3528582,-704690,-1921902
아이케이세미콘(주),149010,2016/12,16330813,12413255,3917557,967957,967957,798249,-498932,16265182,12489761,3775422,940994,940994,796342,-471480,16330813,12413255,3917557,2949600,967957,798249,-498932,16265182,12489761,3775422,2834428,940994,796342
아이케이세미콘(주),149010,2017/12,15623007,11941243,3681763,586090,586090,57923,-418715,15598421,12000269,3598152,614220,614220,101906,-412932,15623007,11941243,3681763,3095673,586090,57923,-418715,15598421,12000269,3598152,2983932,614220,101906
아이케이세미콘(주),149010,2018/12,12937665,9081365,3856300,540486,540486,479973,53960,12875967,9151281,3724686,518770,518770,469475,50177,12937665,9081365,3856300,3315814,540486,479973,53960,12875967,9151281,3724686,3205916,518770,469475
아이케이세미콘(주),149010,2019/12,12551297,8712324,3838973,653639,653639,662445,57992,12420242,8714251,3705991,634470,634470,645598,53819,12551297,8712324,3838973,3185334,653639,662445,57992,12420242,8714251,3705991,3071522,634470,645598
아이케이세미콘(주),149010,2020/12,12476220,8702558,3773663,840447,840447,743649,132574,12236748,8602258,3634490,826760,826760,722601,130120,12476220,8702558,3773663,2933215,840447,743649,132574,12236748,8602258,3634490,2807730,826760,722601
아이케이세미콘(주),149010,2021/12,18917275,12814231,6103044,2499428,2499428,2204932,354901,18704811,12730560,5974250,2435302,2435302,2114804,347890,18917275,12814231,6103044,3603617,2499428,2204932,354901,18704811,12730560,5974250,3538948,2435302,2114804
아이케이세미콘(주),149010,2022/12,21395094,13751485,7643609,3965037,3965037,3710370,687034,21259554,13682864,7576690,3926360,3926360,3669631,683784,21395094,13751485,7643609,3678572,3965037,3710370,687034,21259554,13682864,7576690,3650330,3926360,3669631
아퓨어스(주),149300,2015/12,,,,,,,,,,,,,,,,,,,,,,,,,,,
아퓨어스(주),149300,2016/12,,,,,,,,,,,,,,,,,,,,,,,,,,,
아퓨어스(주),149300,2017/12,,,,,,,,,,,,,,,,,,,,,,,,,,,
아퓨어스(주),149300,2018/12,,,,,,,,,,,,,,,,,,,,,,,,,,,
아퓨어스(주),149300,2019/12,,,,,,,,502293,402145,100147,-4004611,-4004611,-7797760,13722,,,,,,,,502293,402145,100147,4104758,-4004611,-7797760
아퓨어스(주),149300,2020/12,,,,,,,,364646,237495,127152,-4447796,-4447796,-11280079,0,,,,,,,,364646,237495,127152,4574948,-4447796,-11280079
아퓨어스(주),149300,2021/12,,,,,,,,868721,379115,489607,-4967738,-4967738,-2755724,-748,,,,,,,,868721,379115,489607,5457344,-4967738,-2755724
아퓨어스(주),149300,2022/12,,,,,,,,785477,585171,200306,-4350197,-4350197,-5268649,-31845,,,,,,,,785477,585171,200306,4550503,-4350197,-5268649
애니메디솔루션(주),390110,2022/12,,,,,,,,655390,1048758,-393368,-6470740,-6470740,-7014810,0,,,,,,,,655390,1048758,-393368,6077372,-6470740,-7014810
에스케이시그넷(주),260870,2017/12,,,,,,,,,,,,,,,,,,,,,,31681182,26183866,5497317,4136282,1361035,-800049
에스케이시그넷(주),260870,2018/12,,,,,,,,,,,,,,,,,,,,,,45894957,35459693,10435264,8108303,2326961,-9705757
에스케이시그넷(주),260870,2019/12,,,,,,,,,,,,,,,,,,,,,,42416229,29543691,12872538,12362537,510000,-2883732
에스케이시그넷(주),260870,2020/12,,,,,,,,,,,,,,,,,,,,,,61889888,42698391,19191496,15664124,3527372,1138055
에스케이시그넷(주),260870,2021/12,,,,,,,,,,,,,,,,,,,,,,79969402,57335593,22633809,20278015,2355794,-357080
에스케이시그넷(주),260870,2022/12,,,,,,,,,,,,,,,162288195,106443989,55844206,52880670,2963536,8398231,1133000,162631496,106624290,56007207,52521357,3485850,8715768
에이치엔에스하이텍(주),044990,2015/12,32728553,21847383,10881170,-1609615,-1609615,-1761836,-880270,32697574,21721392,10976182,-1456734,-1456734,-1869631,-871655,32728553,21847383,10881170,12490785,-1609615,-1761836,-880270,32697574,21721392,10976182,12432917,-1456734,-1869631
에이치엔에스하이텍(주),044990,2016/12,33543060,23076674,10466386,-1178855,-1178855,-721024,-536504,33592044,23067203,10524841,-990529,-990529,-497080,-526453,33543060,23076674,10466386,11645241,-1178855,-721024,-536504,33592044,23067203,10524841,11515370,-990529,-497080
에이치엔에스하이텍(주),044990,2017/12,40702125,30125033,10577092,-2715006,-2715006,-3896168,-182349,40111272,26769544,13341728,2161122,2161122,1382963,-176579,40702125,30125033,10577092,13292098,-2715006,-3896168,-182349,40111272,26769544,13341728,11180605,2161122,1382963
에이치엔에스하이텍(주),044990,2018/12,39112791,30256915,8855876,-4335952,-4335952,-4285174,-261155,38226302,26776936,11449366,338195,338195,878756,-258881,39112791,30256915,8855876,13191829,-4335952,-4285174,-261155,38226302,26776936,11449366,11111172,338195,878756
에이치엔에스하이텍(주),044990,2019/12,45644896,35288472,10356424,-2737583,-2737583,-2951208,-140443,44110539,30913478,13197061,1683466,1683466,-11013674,-272757,45644896,35288472,10356424,13094006,-2737583,-2951208,-140443,44110539,30913478,13197061,11513595,1683466,-11013674
에이치엔에스하이텍(주),044990,2020/12,82414633,64782219,17632414,3460189,3460189,2465575,945518,78873321,59638379,19234942,6384628,6384628,497318,595760,82414633,64782219,17632414,14172225,3460189,2465575,945518,78873321,59638379,19234942,12850313,6384628,497318
에이치엔에스하이텍(주),044990,2021/12,87343540,62602491,24741049,10070098,10070098,11295592,1017263,81335921,57895640,23440281,10512773,10512773,11427884,1262701,87343540,62602491,24741049,14670951,10070098,11295592,1017263,81335921,57895640,23440281,12927508,10512773,11427884
에이치엔에스하이텍(주),044990,2022/12,97202608,57643411,39559197,21602583,21602583,21355167,2013522,94895302,55299904,39595398,22366060,22366060,23497004,2161544,97202608,57643411,39559197,17956614,21602583,21355167,2013522,94895302,55299904,39595398,17229338,22366060,23497004
에이치엘비사이언스(주),343090,2020/12,,,,,,,,,,,,,,,,,,,,,,0,0,0,4317820,-4317820,-4308400
에이치엘비사이언스(주),343090,2021/12,,,,,,,,,,,,,,,,,,,,,,0,0,0,4802044,-4802044,-5051965
에이치엘비사이언스(주),343090,2022/12,,,,,,,,,,,,,,,,,,,,,,0,0,0,3967888,-3967888,-4768746
에이펙스인텍(주),207490,2018/12,,,,,,,,,,,,,,,,,,,,,,25554105,15587253,9966852,8143486,1823366,1228390
에이펙스인텍(주),207490,2019/12,,,,,,,,,,,,,,,,,,,,,,20425914,13594616,6831299,5934624,896675,377291
에이펙스인텍(주),207490,2020/12,,,,,,,,20653383,14995468,5657915,594412,594412,499957,-246831,,,,,,,,20653383,14995468,5657915,5063502,594412,499957
에이펙스인텍(주),207490,2021/12,,,,,,,,21131027,16280260,4850767,179486,179486,86425,-28252,,,,,,,,21131027,16280260,4850767,4671281,179486,86425
에이펙스인텍(주),207490,2022/12,,,,,,,,21205746,14881571,6324175,62002,62002,-275322,-354187,,,,,,,,21205746,14881571,6324175,6262173,62002,-275322
위월드(주),140660,2013/12,,,,,,,,,,,,,,,,,,,,,,8012333,4624271,3388062,3278471,109591,-1286638
위월드(주),140660,2014/12,,,,,,,,,,,,,,,,,,,,,,9258812,6346218,2912594,3368746,-456151,-1445782
위월드(주),140660,2015/12,,,,,,,,,,,,,,,,,,,,,,12290734,6386948,5903786,3731822,2171964,1955628
위월드(주),140660,2016/12,,,,,,,,,,,,,,,,,,,,,,10415721,6192249,4223472,2802089,1421383,1445893
위월드(주),140660,2017/12,,,,,,,,,,,,,,,,,,,,,,7573813,5853605,1720207,2653438,-933230,-1170757
위월드(주),140660,2018/12,,,,,,,,,,,,,,,,,,,,,,8138627,5158688,2979939,2349033,630906,669946
위월드(주),140660,2019/12,,,,,,,,,,,,,,,,,,,,,,6387844,4307111,2080733,2596931,-516198,-434002
위월드(주),140660,2020/12,,,,,,,,,,,,,,,,,,,,,,5121163,3318576,1802587,2486515,-683928,-652537
위월드(주),140660,2021/12,,,,,,,,,,,,,,,,,,,,,,8376327,4723391,3652935,2065787,1587148,1680440
위월드(주),140660,2022/12,,,,,,,,,,,,,,,,,,,,,,7171772,4383440,2788333,2044023,744309,835429
이성씨엔아이(주),379390,2021/12,,,,,,,,,,,,,,,,,,,,,,9153132,7559361,1593771,1525321,68450,-2604834
이성씨엔아이(주),379390,2022/12,,,,,,,,,,,,,,,13829208,10675494,3153714,4057661,-903947,-1300389,337197,11782184,8776810,3005374,1196810,1808565,14411
인바이츠바이오코아(주),216400,2015/12,,,,,,,,,,,,,,,,,,,,,,21238376,16666619,4571757,3726042,845716,814963
인바이츠바이오코아(주),216400,2016/12,,,,,,,,24389518,18970773,5418744,1825992,1825992,1837705,224506,,,,,,,,24389518,18970773,5418744,3592753,1825992,1837705
인바이츠바이오코아(주),216400,2017/12,,,,,,,,24645829,19725736,4920093,1408978,1408978,135044,9524,,,,,,,,24645829,19725736,4920093,3511115,1408978,135044
인바이츠바이오코아(주),216400,2018/12,,,,,,,,21490641,17510242,3980399,294038,294038,-3945902,-494512,,,,,,,,21490641,17510242,3980399,3686361,294038,-3945902
인바이츠바이오코아(주),216400,2019/12,,,,,,,,20908002,16123024,4784979,1342174,1342174,1409030,297441,,,,,,,,20908002,16123024,4784979,3442805,1342174,1409030
인바이츠바이오코아(주),216400,2020/12,,,,,,,,23591644,17535768,6055876,2133443,2133443,2328871,348283,,,,,,,,23591644,17535768,6055876,3922432,2133443,2328871
인바이츠바이오코아(주),216400,2021/12,,,,,,,,20233763,13646661,6587101,2268751,2268751,708684,139,,,,,,,,20233763,13646661,6587101,4318350,2268751,708684
인바이츠바이오코아(주),216400,2022/12,25356985,15131045,10225940,2822491,2822491,-2470042,76052,25340013,15054639,10285374,4173733,4173733,-1134741,144815,25356985,15131045,10225940,7403450,2822491,-2470042,76052,25340013,15054639,10285374,6111641,4173733,-1134741
코스텍시스템(주),169670,2022/12,,,,,,,,,,,,,,,,,,,,,,26586250,18034572,8551679,7673298,878380,1241784
크로넥스(주),215570,2015/12,,,,,,,,,,,,,,,,,,,,,,1100089,495573,604516,855115,-250598,-307170
크로넥스(주),215570,2016/12,,,,,,,,,,,,,,,,,,,,,,1452496,1593637,-141142,878710,-1019851,-1083362
크로넥스(주),215570,2017/12,,,,,,,,,,,,,,,,,,,,,,2086170,1442491,643679,932647,-288968,-505807
크로넥스(주),215570,2018/12,,,,,,,,,,,,,,,,,,,,,,2852490,2232542,619948,1256590,-636642,-623718
크로넥스(주),215570,2019/12,,,,,,,,,,,,,,,,,,,,,,3814752,3668568,146184,1486502,-1340318,-1440490
크로넥스(주),215570,2020/12,,,,,,,,,,,,,,,,,,,,,,2712025,2677831,34194,1468950,-1434756,-1517609
크로넥스(주),215570,2021/12,,,,,,,,,,,,,,,,,,,,,,3280065,2650487,629578,2232215,-1602637,-2280456
크로넥스(주),215570,2022/12,,,,,,,,,,,,,,,4495635,3481006,1014629,1704958,-690329,-2322967,0,4495635,3481006,1014629,1704958,-690329,-2896292
태양기계(주),116100,2013/12,,,,,,,,,,,,,,,,,,,,,,33076928,28831295,4245634,1879961,2365673,1509203
태양기계(주),116100,2014/12,,,,,,,,,,,,,,,,,,,,,,34811367,32428926,2382441,2160499,221942,-830348
태양기계(주),116100,2015/12,,,,,,,,,,,,,,,,,,,,,,33006170,29733772,3272398,2211343,1061055,452767
태양기계(주),116100,2016/12,,,,,,,,,,,,,,,,,,,,,,24776810,21831048,2945762,2147152,798610,240832
태양기계(주),116100,2017/12,,,,,,,,,,,,,,,,,,,,,,25484967,22720572,2764395,1940092,824302,-11630835
태양기계(주),116100,2018/12,,,,,,,,,,,,,,,,,,,,,,21721835,18612822,3109013,2061936,1047078,82870
태양기계(주),116100,2019/12,,,,,,,,,,,,,,,,,,,,,,22205040,19857350,2347690,1915533,432157,-187640
태양기계(주),116100,2020/12,,,,,,,,,,,,,,,,,,,,,,20501032,18259551,2241481,1711149,530332,-1092883
태양기계(주),116100,2021/12,,,,,,,,,,,,,,,,,,,,,,25910417,22716573,3193844,1845523,1348321,1175535
태양기계(주),116100,2022/12,,,,,,,,,,,,,,,,,,,,,,32289218,28314313,3974904,2084439,1890465,920243
퓨쳐메디신(주),341170,2022/12,0,0,0,-8047867,-8047867,-7277781,0,0,0,0,-7578444,-7578444,-6999528,0,0,0,0,8047867,-8047867,-7277781,0,0,0,0,7578444,-7578444,-6999528
