회사명,거래소코드,회계년도,총자본증가율,유형자산증가율,유동자산증가율,영업이익증가율,경상이익증가율 (2007년 이전 발생),순이익증가율,재고자산증가율,자기자본증가율,매출액증가율,종업원1인당 부가가치증가율,종업원수증가율,비유동자산증가율,종업원1인당 매출액증가율,종업원1인당 인건비증가율,매출액총이익률,매출액영업이익률,매출액경상이익률 (2007년 이전 발생),매출액순이익률,총자본사업이익률,총자본영업이익률,총자본경상이익률 (2007년 이전 발생),총자본순이익률,자기자본영업이익률,자기자본경상이익률 (2007년 이전 발생),자기자본순이익률,자본금영업이익률,자본금경상이익률 (2007년 이전 발생),자본금순이익률,조세 대 조세차감전순이익률,기업경상이익률 (2007년 이전 발생),투자수익률 (2007년 이전 발생),기업순이익률,경영자본영업이익률,경영자본순이익률,매출원가 대 매출액비율,영업비율,영업외손익률,금융비용부담률,외환이익 대 매출액비율,광고선전비 대 매출액비율,수지비율,인건비 대 총비용비율,조세공과 대 총비용비율,금융비용 대 총비용비율,감가상각비 대 총비용비율,감가상각률,누적감가상각률,이자부담률,지급이자율,차입금평균이자율,사내유보율,사내유보 대 자기자본비율,적립금비율(재정비율),평균배당률,자기자본배당률,배당성향,1주당매출액(원),EPS(Earning Per Share)(원),1주당경상이익 (2007년 이전 발생)(원),CPS(Cash flow Per Share)(원),BPS(Book-value Per Share)(원),유보율,R & D 투자효율,1주당영업이익(원),유동자산구성비율,재고자산 대 유동자산비율,유동자산 대 비유동자산비율,당좌자산구성비율,비유동자산구성비율,자기자본구성비율,타인자본구성비율,자기자본배율,비유동비율,비유동장기적합률,유동비율,당좌비율,현금비율,원재료비율,매출채권비율,재고자산 대 순운전자본비율,매출채권 대 매입채무비율,매출채권 대 상,제품비율,매입채무 대 재고자산비율,부채비율,유동부채비율,단기차입금 대 총차입금비율,비유동부채비율,비유동부채 대 순운전자본비율,순운전자본비율,차입금의존도,차입금비율,이자보상배율(이자비용),이자보상배율(순금융비용),유보액대비율,유보액 대 납입자본배율,유동자산집중도,비유동자산집중도,투자집중도,CASH FLOW 대 부채비율,CASH FLOW 대 차입금비율,CASH FLOW 대 총자본비율,CASH FLOW 대 매출액비율,영업이익대비이자보상배율,총자본회전률,경영자본회전률,자기자본회전률,자본금회전률,타인자본회전률,매입채무회전률,매입채무회전기간,유동자산회전률,당좌자산회전률,재고자산회전률,재고자산회전기간,상품,제품회전률,원,부재료회전률,재공품회전률,매출채권회전률,매출채권회전기간,비유동자산회전률,유형자산회전율,순운전자본회전률,운전자본회전률,1회전기간,부가가치(백만원),종업원1인당 부가가치(백만원),종업원1인당 매출액(백만원),종업원1인당 경상이익 (2007년 이전 발생)(백만원),종업원1인당 순이익(백만원),종업원1인당 인건비(백만원),노동장비율,기계장비율,자본집약도,총자본투자효율,설비투자효율,기계투자효율,부가가치율,노동소득분배율,자본분배율,이윤분배율,부가가치(백만원),법인세비용차감전(계속사업)손익(백만원),인건비(백만원),금융비용(백만원),임차료(백만원),조세공과(백만원),감가상각비(백만원),종업원1인당 부가가치(백만원),총자본투자효율,기계투자효율,부가가치율,종업원수
(주)닥터김노인요양센터,067294,2012/12,0,0,0,0,0,0,0,0,0,0,0,0,0,0,0,-2.25,0,-8.11,-1.47,-1.59,0,-5.71,-39.83,0,-143.47,-245,0,-882.44,0,0,0,-1.59,-1.67,-6.02,0,102.25,-5.36,5.86,0,0,107.56,73.83,1.41,5.41,5.29,9.37,25.59,4.29,4.09,8.18,0,83.74,83.74,0,0,0,543851.8,-22061,0,-41171.2,61506.2,515.06,0,-12250.2,5.06,0.4,5.33,5.04,94.94,3.98,96.02,615.06,2385.58,141.7,15.34,15.28,6.59,0,10225.23,0,0,19349.08,0,2412.77,829.19,16.25,1583.58,0,-27.94,51.76,1300.68,-0.37,-0.3,3.33,5.15,7.19,134.9,269.65,-1.39,-2.57,-1.33,-3.79,-0.38,0.7,0.74,17.68,108.77,0.73,0,0,13.9,13.96,3517.8,0.1,6656.69,0,0,34.4,10.61,0.74,0.78,1.85,0,0.09,2416.05,0,0,0,0,0,0,0,0,31.27,34.81,54489.17,88.85,89.97,10.03,-9.13,2416.05,-207.02,2173.83,159.27,92.69,41.56,155.73,,31.27,54489.17,88.85,
(주)닥터김노인요양센터,067294,2013/12,-10.5,-48.56,691.91,0,0,0,169846.05,0,-17.11,0,0,-47.95,0,0,0,-56.52,0,-68.93,-17.37,-17.4,0,-21.22,0,0,0,-2548.03,0,-3107.37,0,0,0,-17.89,-18.2,-22.2,0,156.52,-12.4,10.81,0,0.34,161.04,52.25,1.32,5.94,18.46,24.66,43.25,3.13,4.59,5.25,0,0,0,0,0,0,225401.8,-155369,0,-44989,0,0,0,-127401.7,44.79,84.83,81.12,6.8,55.21,0,118.02,0,0,0,68.2,10.35,0.83,0,0.07,0,0,0,0,0,0,60.76,0,0,-20.89,77.38,0,-5.19,-5.38,0,0,77.38,247.44,295.81,-4.02,-6.13,-4.74,-14.55,-5.23,0.31,0.32,0,45.08,0.29,0,0,1.29,5.24,1.71,212.85,5517.79,1.72,0,28.18,12.95,0.4,0.43,0.43,0.03,0,1754.26,0,0,0,0,0,0,0,0,25.37,49.14,0,77.83,122.07,-22.07,-88.57,1754.26,-1553.44,2141.47,243.6,112.13,54.06,756.44,,25.37,,77.83,
(주)대명요양센터,059079,2012/12,-2.92,-57.81,-2.86,0,0,0,-9.17,0,4.47,0,0,-3.73,0,0,0,-2.31,0,-13.74,5.12,-0.61,0,-3.61,0,0,0,-55.8,0,-332.06,0,0,0,-0.9,-0.61,-3.62,0,102.31,-9.67,10.31,0,0.03,109.76,41.78,1.24,7.65,0.12,27.68,294.93,2.35,7.93,7.75,0,0,0,0,0,0,24167.25,-3,0,-2470.17,0,0,0,-558,92.99,0.09,1327.36,92.91,7.01,0,117.58,0,0,0,79.09,79.02,0.19,0,8404.09,0,1606.64,0,523.09,0,0,0,0,0,-24.59,108.02,0,-0.07,-0.16,0,0,353.49,26.75,374.51,-4.48,-4.88,-5.27,-19.74,-0.22,0.26,0.26,0,24.17,0.23,56.06,6.51,0.28,0.28,307.35,1.19,0,0,0,4.92,74.24,3.74,312.95,0.13,0,0.01,2004.63,0,0,0,0,0,0,0,0,22.14,43740.48,0,82.95,67.91,32.09,-16.56,2004.63,-289.61,1361.32,249.26,639.61,40.29,3.77,,22.14,,82.95,
(주)대명요양센터,059079,2013/12,-31.08,-55.75,-33.43,0,0,0,1.94,0,1.76,0,0,0.16,0,0,0,-6.82,0,-15.33,3.01,-2.19,0,-4.93,0,0,0,-167.7,0,-376.9,0,0,0,-2.1,-2.19,-4.93,0,106.82,-8.5,8.81,0,0.04,113.11,44.33,1.23,6.66,0.08,39.52,592.97,2.3,7.67,6.91,0,0,0,0,0,0,24593.8,-3769,0,-15347.25,0,0,0,-1676.99,89.82,0.14,882.11,89.7,10.18,0,131.55,0,0,0,68.28,68.19,1.14,0,13132.92,0,2275.76,0,577.08,0,0,0,0,0,-41.73,128.37,0,-0.27,-0.74,0,0,285.1,25.81,253.45,-10.85,-11.12,-14.28,-36.22,-0.77,0.32,0.32,0,24.59,0.26,59.13,6.17,0.35,0.35,325.42,1.12,0,0,0,3.02,121.04,3.87,744.03,0.15,0,0.01,1955.83,0,0,0,0,0,0,0,0,31.35,96441.37,0,79.53,73.69,26.31,-19.27,1955.83,-376.69,1441.27,216.58,632.09,40.03,2.56,,31.35,,79.53,
(주)롱라이프그린케어,095435,2020/12,0,0,0,0,,0,0,0,0,0,0,0,0,0,-3.37,-17.77,,-19.83,-72.23,-72.26,,-80.63,0,,0,-129.01,,-143.95,0,,,-74.04,-72.26,-80.63,103.37,117.77,-2.06,1.62,0,0,119.14,4.69,0.31,1.31,8.64,100.03,69.69,4.95,6.87,13.74,0,0,0,0,0,0,72609.29,-7198,,-2813.73,0,0,0,-12901.21,33.41,0.15,50.18,33.36,66.59,0,132.97,0,0,0,35.83,35.78,16.77,0,28427.82,0,325.38,0,8736.77,0,0,76.93,0,0,-59.84,62.84,0,-10.92,-11.24,0,0,8.22,16.37,49.18,-2.96,-6.27,-3.94,-1.94,-10.97,4.07,4.07,0,7.26,3.06,92.49,3.95,12.17,12.19,8080.59,0.05,0,0,0,28.42,12.84,6.11,30.39,3.21,0,0.11,-158.1,0,0,,0,0,0,0,0,-2.82,-21.07,0,-1.39,0,0,0,-158.1,-2260.45,659.63,184.63,0,43.29,1214.8,0,-2.82,0,-1.39,0
(주)롱라이프그린케어,095435,2021/12,-7.14,10.02,-31.02,0,,0,7.64,0,-13.2,0,0,4.84,0,0,-4.59,-22.82,,-15.36,-41.44,-41.76,,-28.12,0,,0,-71.9,,-48.41,0,,,-23.57,-44.74,-30.12,104.59,122.82,7.46,2.48,0,0,113.87,5.02,0.55,1.97,10.2,51.25,61.5,3.1,5.57,7.09,0,0,0,0,0,0,31513.73,-4841,,-2498.38,0,0,0,-7190.24,24.82,0.24,33.02,24.76,75.18,0,161.14,0,0,0,24.94,24.88,4.54,0,25408.33,0,273.86,0,9277.68,0,0,62.8,0,0,-74.72,104.78,0,-8.58,-5.18,0,0,15.99,38.64,45.33,-7.31,-11.24,-11.78,-6.2,-9.18,1.83,1.96,0,3.15,1.25,37.46,9.74,6.25,6.26,3378.11,0.11,0,0,0,12.58,29.02,2.59,12.56,1.46,0,0.05,693.76,0,0,,0,0,0,0,0,13.32,84.03,0,7.01,90.23,9.77,-219.12,693.76,-1520.2,626.01,245.91,0,68.73,1273.3,0,13.32,0,7.01,0
(주)롱라이프그린케어,095435,2022/12,-8.36,-19.81,-34.39,0,,0,-2.96,0,-15.24,0,0,0.24,0,0,-2.02,-16.6,,-14.5,-27.9,-27.9,,-24.39,0,,0,-44.33,,-38.74,0,,,-17.31,-35.18,-30.75,102.02,116.6,2.09,4.21,0,0,113.4,5.99,0.37,3.43,9.96,44.8,69.24,4.06,5.66,6.44,0,0,0,0,0,0,26711.01,-3874,,-1375.38,0,0,0,-4432.91,17.77,0.35,21.61,17.71,82.23,0,188.54,0,0,0,19.27,19.2,1.43,0,24091.2,0,315.48,0,7636.33,0,0,45.71,0,0,-74.46,142.69,0,-3.94,-2.45,0,0,12.76,46.72,40.85,-6.76,-8.93,-12.75,-7.25,-3.94,1.68,2.12,0,2.67,0.96,33.1,11.03,7.84,7.86,2803.22,0.13,0,0,0,11.32,32.24,2.14,11.28,1.43,0,0.05,817.41,0,0,,0,0,0,0,0,17.13,123.46,0,9.74,75.46,24.54,-148.86,817.41,-1216.77,616.8,353.13,0,38.07,1026.17,0,17.13,0,9.74,0
(주)미드림,058300,2012/12,-9.15,-1.43,-78.29,22.44,0,78,0,20.53,-25.08,0,0,-1.93,0,0,0,53.07,0,20.11,5.97,5.92,0,2.24,49.15,0,18.62,45.24,0,17.14,19.98,0,0,5.8,5.94,2.25,0,46.93,-31.88,31.89,0,0,78.9,0.2,4.97,40.24,15.22,2.08,5.63,4.05,5.17,4.89,0,1.17,1.17,0,0,0,4261.67,857,0,3157.44,5030.65,0.61,0,2261.82,2.26,0,2.31,2.26,97.74,13.83,86.17,100.61,706.49,124.9,10.39,10.39,0.19,0,0,0,0,0,0,622.81,157.17,28.89,465.65,0,-19.49,73.2,529.07,1.64,1.66,0.08,0.01,54,842.18,852.53,-0.34,-0.39,-0.29,-2.47,1.66,0.11,0.11,0.93,0.85,0.13,0,0,1.85,1.85,0,0,0,0,0,3.35,109.1,0.12,0.12,0.37,0.3,0.01,1180.35,0,0,0,0,0,0,0,0,8.12,8.31,0,69.24,0.23,99.77,29.04,1180.35,361.28,2.71,543.65,,67.11,205.6,,8.12,,69.24,
(주)미드림,058300,2013/12,-2.31,-1.45,-41.77,-11.87,0,-18.14,0,13.95,2.53,0,0,-1.4,0,0,0,45.62,0,16.06,5.55,5.55,0,1.95,37.04,0,13.04,39.87,0,14.03,29.52,0,0,5.2,5.55,1.95,0,54.38,-26.65,26.69,0,0,81.04,8.11,4.7,32.92,14.49,2.12,7.9,3.82,4.89,4.62,0,12.77,12.77,4,3.49,28.51,4369.4,702,0,1688.62,5532.24,14.64,0,1993.27,1.35,0,1.36,1.35,98.65,16.14,83.86,114.64,611.33,277.41,2.09,2.09,0.29,0,0,0,0,0,0,519.67,399.29,94.66,120.37,0,-63.09,67.19,416.38,1.71,1.71,2.06,0.15,14.87,807.7,811.91,8.13,10.15,6.82,55.45,1.71,0.12,0.12,0.81,0.87,0.14,0,0,6.73,6.73,0,0,0,0,0,7.19,50.73,0.12,0.12,0.27,0.14,0.02,1184.88,0,0,0,0,0,0,0,0,8.34,8.46,0,67.79,9.7,90.3,23.68,1184.88,331.59,114.93,466.42,0,66.57,205.38,0,8.34,0,67.79,0
(주)미드림,058300,2014/12,-11.38,-12.64,76.64,-3.47,0,64.64,0,16.66,2.55,0,0,-12.58,0,0,0,42.94,0,25.78,5.74,5.74,0,3.45,30.99,0,18.6,38.48,0,23.1,27.42,0,0,6.28,5.75,3.45,0,57.06,-11.33,21.17,0,0,71.22,10.47,4.99,27.06,14.63,2.16,10.27,3.48,4.86,4.37,0,24.93,25.23,4,2.99,17.31,4480.95,1155,0,923.87,6487.35,33.75,0,1924.14,2.68,0,2.76,2.68,97.32,21.24,78.76,133.75,458.08,256.1,4.33,4.33,0.11,0,0,0,0,0,0,370.71,291.84,98.08,78.87,0,-59.32,61.99,291.8,2.03,2.49,5.36,0.34,14.76,732.84,701.15,5.27,6.69,4.15,29.15,2.03,0.13,0.13,0.72,0.9,0.16,0,0,6.78,6.78,0,0,0,0,0,7.27,50.24,0.14,0.14,0.2,0.14,0.02,1368.45,0,0,0,0,0,0,0,0,10.87,11.19,0,76.35,10.73,89.27,33.76,1368.45,566.62,146.86,379.41,0.45,69.96,205.15,0,10.87,0,76.35,0
(주)미드림,058300,2015/12,-0.23,-1.67,50.11,15.1,0,16.79,0,17.18,13.04,0,0,-1.62,0,0,95.91,43.72,0,26.63,7.04,7.04,0,4.29,30.5,0,18.58,44.29,0,26.98,25.49,0,0,6.05,7.06,4.3,4.09,56.28,-10.89,10.93,0,0,67.18,6.31,4.33,16.26,14.98,2.2,12.73,2.29,3.05,2.94,0,35.68,36.19,15,9.57,55.6,5065.3,1349,0,1652.33,7086.36,56.73,0,2214.75,4.04,1.78,4.21,3.96,95.96,24.95,75.05,156.73,384.6,100.46,90.12,88.52,6.71,0,5082.49,0,2037.28,5082.49,249.47,300.78,17.95,4.96,282.83,0,-0.44,57.79,231.61,4,4,9.03,0.57,20.85,599.89,618.55,5.47,7.1,4.1,25.43,4,0.16,0.16,0.7,1.01,0.21,179.78,2.03,4.8,4.85,448.5,0.81,448.5,0,0,5.14,71,0.17,0.17,0.44,0,0.01,1235.48,0,0,0,0,0,0,0,0,9.83,10.27,0,60.98,6.95,93.05,43.68,1235.48,665.19,85.89,221.41,0,59,203.98,0,9.83,0,60.98,0
(주)미드림,058300,2016/12,-1.01,-12.79,276.96,-18.48,0,25.62,6.43,12.05,7.49,0,0,-12.71,0,0,89.63,33.16,0,31.12,5.78,5.78,0,5.42,21.73,0,20.4,36.11,0,33.89,26.62,0,0,6.91,5.79,5.44,10.37,66.84,6.84,8.52,0,0,65.33,26.99,3.2,11.31,12.35,2.35,15.28,2.02,2.8,2.67,0,41.75,43.06,15,8.54,44.26,5444.46,1695,0,2006.34,8030.95,75.62,0,1805.47,15.37,0.5,18.16,15.3,84.63,28.25,71.75,175.62,299.61,89.47,283.85,282.42,108.22,0,2954.5,0.78,665.52,2954.5,443.94,254.03,19.17,4.93,234.86,666.27,9.96,53.24,188.48,3.89,5.69,12.16,0.76,55.53,518.39,569.34,8.2,11.05,5.88,33.6,3.89,0.17,0.17,0.66,1.09,0.24,66.77,5.47,1.8,1.81,233.53,1.56,233.53,0,0,5.86,62.29,0.19,0.19,1.19,0.01,0.02,1755.05,0,0,0,0,0,0,0,0,14.11,16.73,0,80.59,25.24,74.76,38.62,1755.05,871.19,442.99,185.6,0,52.54,202.74,0,14.11,0,80.59,0
(주)미드림,058300,2017/12,-23.22,-61.15,186.3,-19.1,0,146.35,18.95,39,-13.65,0,0,-61.28,0,0,89.82,31.07,0,88.79,5.41,5.32,0,15.19,13.92,0,39.78,29.21,0,83.49,22.64,0,0,16.61,5.32,15.22,10.18,68.93,81.29,8.3,0,0,40.9,29.19,3.1,10.68,12.39,3.13,17.87,2.3,6.16,3.57,0,57.48,59.03,15,6.14,17.97,4701.53,4175,0,4482.42,11455.51,144.11,0,1460.72,57.32,0.21,134.31,57.2,42.68,51.14,48.86,244.11,83.46,49.65,408.09,407.24,137.72,0,2160.51,0.28,1060.1,2160.51,203.8,95.56,27.47,12.12,68.09,80.46,43.27,28.21,55.17,3.52,14.53,30.19,1.44,196.33,388.13,507.69,27.82,48.18,13.59,69.01,3.74,0.17,0.17,0.45,0.94,0.28,56.99,6.4,0.51,0.51,178.65,2.04,178.65,0,0,7.08,51.55,0.26,0.26,0.4,0.01,0.02,2922.61,0,0,0,0,0,0,0,0,30.61,71.72,0,155.41,14.61,85.39,57.13,2922.61,2113.02,426.9,156.12,0,45.39,181.18,0,30.61,0,155.41,0
(주)부승니드유,081850,2016/12,0,0,0,0,0,0,0,0,0,0,0,0,0,0,0,6.58,0,2.56,6.61,5.68,0,2.21,44.93,0,17.47,102.65,0,39.92,55.76,0,0,5.96,9.16,3.56,0,93.42,-4.02,4.35,0,0.08,97.48,71.18,3.26,4.4,1.04,8.08,46.87,4.3,3.28,6.57,100,56.23,56.23,0,0,0,78017.33,998,0,11135.13,22846.82,128.47,0,5132.6,13.49,0,15.59,13.49,86.51,12.64,87.36,228.47,684.2,102.03,88.67,88.67,48.61,0,0,0,0,0,0,690.87,120.31,5.96,570.56,0,-1.72,71.39,564.61,1.21,1.59,7.11,1.28,15.62,100.18,143.68,3.53,4.32,3.08,7.14,1.51,0.86,1.39,6.83,15.6,0.99,0,0,6.4,6.4,0,0,0,0,0,0,0,1,1.25,3.01,0,0,3839.93,0,0,0,0,0,0,0,0,35.42,112.91,3011.95,82.03,85.85,14.15,3.12,3839.93,119.75,3296.55,203.57,20.86,150.93,48.28,0,35.42,3011.95,82.03,0
(주)부승니드유,081850,2017/12,21.03,59.86,-28.75,-213.81,0,-242.46,0,9.33,19.56,0,0,28.79,0,0,0,-6.26,0,-3.05,-2.73,-2.93,0,-1.42,-24.43,0,-11.89,-31.86,0,-15.51,0,0,0,1.59,-3.53,-1.72,0,106.26,3.21,6.44,0,0.48,102.76,71.57,2.1,5.69,4.44,5.6,11.93,3.42,3.75,4.27,0,-6.76,-6.76,0,0,0,25439.9,-533,0,-4163.08,6812.08,-6.33,0,-1593.07,7.94,0,8.63,7.94,92.06,11.42,88.58,93.67,805.97,122.41,32.03,32.03,3.3,0,0,0,0,0,0,775.5,217.09,27.04,558.41,0,-16.85,78.26,685.19,-0.91,0.53,-0.77,-0.06,22.37,191.7,234.43,-1.07,-1.21,-0.94,-2.21,-0.97,0.47,0.56,3.9,5.09,0.53,0,0,4.47,4.47,0,0,0,0,0,0,0,0.52,0.57,1.51,0,0,5158.13,0,0,0,0,0,0,0,0,39.31,42.93,42328.34,92.16,87.99,12.01,-3.31,5158.13,-170.61,4538.67,360.6,15.17,132.99,281.31,0,39.31,42328.34,92.16,0
(주)부승니드유,081850,2018/12,5.66,-1.6,83.7,0,,0,0,5.15,39.93,0,0,-1.07,0,0,0,8.35,,0.99,5.02,4.85,,0.57,42.55,,5.02,40.88,,4.83,69.08,,,4.69,4.86,0.57,0,91.65,-7.37,7.09,0,0.24,99.02,72.34,2.21,7.12,4.18,3.71,15.49,4.65,5.43,5.53,0,-1.53,-1.53,0,0,0,24473.13,241,,1042.01,4924.55,-1.51,0,2043.87,13.81,0,16.02,13.81,86.19,11.37,88.63,98.49,758.29,116.77,52.73,52.73,1.53,0,0,0,0,0,0,779.75,230.37,28.33,549.39,0,-12.38,76.9,676.5,1.13,1.14,-0.17,-0.02,18.87,153.41,176.39,-2.37,-2.73,-2.1,-3.72,1.18,0.58,0.58,5.09,4.89,0.66,0,0,5.3,5.3,0,0,0,0,0,0,0,0.65,0.66,1.59,0,0,6795.4,0,0,,0,0,0,0,0,49.02,57.47,43263.49,86.77,83.07,16.93,1.14,6795.4,77.2,5644.76,555.34,19.65,172.48,325.96,0,49.02,43263.49,86.77,0
(주)부승니드유,081850,2019/12,-4.07,-2.09,-15.61,0,,0,0,-26.42,11.33,0,0,-2.22,0,0,0,-1.12,,-4.78,-0.57,-0.72,,-3.07,-7.17,,-30.44,-6.13,,-26.02,0,,,0.7,-0.72,-3.07,0,101.12,-3.65,5.87,0,0.25,104.65,66.65,1.83,5.45,3.14,3.43,19.49,4.19,5.33,5.15,0,-37.99,-37.99,0,0,0,27245.3,-1301,,1515.95,3623.5,-27.53,0,-306.43,12.14,0,13.82,12.14,87.86,8.72,91.28,72.47,1007.71,102.43,85.37,85.37,11.37,0,0,0,0,0,0,1047.01,163.18,11.23,883.84,0,-2.08,74.98,859.98,-0.18,0.19,-3.31,-0.28,20.24,135.54,152.2,3.37,4.1,3.08,4.69,-0.19,0.64,0.64,6.37,5.45,0.71,0,0,4.94,4.94,0,0,0,0,0,0,0,0.74,0.75,1.93,0,0,6836.21,0,0,,0,0,0,0,0,51.4,59.05,79244.67,78.41,91.44,8.56,-6.09,6836.21,-416.34,6250.9,511.6,24.46,171.4,294.19,0,51.4,79244.67,78.41,0
(주)부승니드유,081850,2020/12,-2.22,-1.96,-8.92,0,,0,0,22.47,0.16,0,0,-1.3,0,0,0,4.4,,2.98,3.05,2.92,,1.98,29.82,,20.2,24.04,,16.28,40.66,,,4.54,2.94,1.99,0,95.6,-1.42,3.85,0,0.36,97.09,69.79,2.05,3.86,2.99,3.14,23.3,2.84,3.71,3.62,0,-12.67,-12.67,0,0,0,27288.06,814,,1712.92,4437.62,-11.25,0,1201.99,11.31,0,12.76,11.31,88.69,10.92,89.08,88.75,812.15,100.71,94.73,94.73,18.09,0,0,0,0,0,0,815.75,109.36,8.29,706.38,0,-0.63,73.01,668.6,1.09,1.77,-1.38,-0.11,17.67,132.94,147.71,4.46,5.44,3.97,5.92,1.14,0.66,0.67,6.77,5.46,0.74,0,0,5.66,5.66,0,0,0,0,0,0,0,0.75,0.76,2.67,0,0,7135.23,0,0,,0,0,0,0,0,54.87,62.86,32369.17,81.71,85.14,14.86,3.65,7135.23,260.52,6074.76,336.31,24.93,178.54,260.17,0,54.87,32369.17,81.71,0
(주)부승니드유,081850,2021/12,3.5,5.4,-34.59,0,,0,0,-10.98,-13.35,0,0,8.36,0,0,0,-3.34,,-2.06,-1.91,-1.91,,-1.18,-18.8,,-11.61,-15.77,,-9.74,1055.18,,,1.12,-2.01,-1.24,0,103.34,1.28,4.01,0,0.57,101.95,70.44,2.12,3.74,2.88,2.9,26.8,2.56,3.07,3.14,0,-26.56,-26.56,0,0,0,23646.05,-487,,-1991.61,3950.58,-20.99,0,-788.64,7.15,0,7.7,7.15,92.85,9.39,90.61,79.01,988.54,228.62,12.04,12.04,0.44,0,0,0,0,0,0,964.66,632.27,69.08,332.39,0,-52.24,73.5,782.48,-0.83,0.49,-2.5,-0.21,16.08,158.79,161.68,-0.37,-0.45,-0.33,-0.59,-0.83,0.57,0.6,5.64,4.73,0.64,0,0,6.22,6.22,0,0,0,0,0,0,0,0.63,0.65,1.26,0,0,6307.04,0,0,,0,0,0,0,0,46.86,56.39,11694.05,83.35,90.79,9.21,-2.47,6307.04,-155.85,5725.95,303.79,26.75,172.17,234.23,0,46.86,11694.05,83.35,0
(주)부승니드유,081850,2022/12,-31.57,-29.63,-60.74,0,,0,0,1.87,-53.54,0,0,-29.32,0,0,0,-23.21,,0.67,-7.17,-7.2,,0.21,-63.94,,1.85,-50.99,,1.47,88.66,,,3.32,-7.75,0.22,0,123.21,25.93,10.03,0,0.11,98.22,55.14,2.13,6.69,7.76,5.63,30.69,3.51,5.44,4.33,0,-24.24,-24.24,0,0,0,10985.05,74,,-5063.98,4024.37,-19.51,0,-2549.53,4.1,0,4.28,4.1,95.9,13.98,86.02,80.49,685.87,113.59,26.33,26.33,9.62,0,0,0,0,0,0,615.2,111.4,13.77,503.8,0,-11.47,70.92,507.22,-2.29,1.27,-3.39,-0.2,19.06,303.39,251.3,-14.25,-17.28,-12.26,-32.11,-2.31,0.31,0.33,2.75,2.2,0.35,0,0,5.25,5.25,0,0,0,0,0,0,0,0.33,0.34,0.65,0,0,3914.68,0,0,,0,0,0,0,0,42.5,46.5,735.53,111.36,74.27,25.73,0.6,3914.68,95.61,2907.54,352.66,37.36,112.32,409.2,0,42.5,735.53,111.36,0
(주)새성복건설,042141,2012/12,1.08,-3.19,57.76,0,0,0,0,0,58.91,0,0,-0.64,0,0,0,9.16,0,8.67,1.08,1.08,0,1.02,0,0,0,29.23,0,27.65,29.43,0,0,1.02,1.09,1.03,0,90.84,-0.49,-0.01,0,0,91.43,12.43,3.91,-0.01,28.31,3.4,27.38,0,0,0,0,0,0,0,0,0,15951.58,1383,0,5045.08,0,0,0,1461.25,4.61,0,4.83,4.61,95.39,0,132.01,0,0,0,16.56,16.56,6.31,0,0,0,0,0,0,0,0,0,0,0,-23.24,25.24,0,999999999,999999999,0,0,32.19,817.77,833.64,1.51,7.91,2,17.06,0,0.12,0.12,0,3.19,0.09,0,0,3.11,3.11,0,0,0,0,0,0,0,0.12,0.12,0.38,0,0,477.95,0,0,0,0,0,0,0,0,5.84,6.29,1761.5,49.94,23.01,76.99,17.36,477.95,82.96,109.99,-0.09,,34.6,250.5,,5.84,1761.5,49.94,
(주)새성복건설,042141,2013/12,7.67,-3.03,258.48,-8.77,0,0,0,0,-1.64,0,0,-4.45,0,0,0,8.5,0,-41.59,0.95,0.94,0,-4.61,0,0,0,26.66,0,-130.5,0,0,0,-4.61,0.96,-4.69,0,91.5,-50.09,-0.03,0,0,140.18,7.37,1.79,-0.02,17.44,3.34,31.76,0,0,0,0,0,0,0,0,0,15689.55,-6525,0,14123.52,0,0,0,1333.17,15.35,0,18.13,15.35,84.65,0,134.15,0,0,0,60.32,60.32,28.76,0,0,0,0,0,0,0,0,0,0,0,-10.1,23.44,0,999999999,999999999,0,0,91.83,810.3,926.64,4.87,27.85,6.53,61.09,0,0.11,0.11,0,3.14,0.08,0,0,1.09,1.09,0,0,0,0,0,0,0,0.12,0.13,0.3,0,0,-28.6,0,0,0,0,0,0,0,0,-0.32,-0.39,-142.24,-3.04,0,0,0,-28.6,-391.5,100.61,-0.31,,24.41,238.19,,-0.32,-142.24,-3.04,
(주)새성복건설,042141,2014/12,-6.53,-3.14,-19.28,0,0,0,0,0,-3.05,0,0,-4.22,0,0,0,-30.33,0,-30.63,-3.21,-3.25,0,-3.28,0,0,0,-92.27,0,-93.17,0,0,0,-3.33,-3.27,-3.3,0,130.33,-0.3,-0.41,0,0,129.95,7.74,2.35,-0.31,19.26,3.39,35.86,-0.03,0,0,0,0,0,0,0,0,15210.42,-4659,0,-5324.2,0,0,0,-4613.47,13.26,0,15.28,13.26,86.74,0,139.96,0,0,0,51.54,51.54,39.67,0,0,0,0,0,0,0,0,0,0,0,-12.47,25.08,0,999999999,999999999,0,0,133.84,799.58,901.91,2.29,12.79,3.21,28.93,0,0.11,0.11,0,3.04,0.08,0,0,0.75,0.75,0,0,0,0,0,0,0,0.13,0.13,0.27,0,0,72.63,0,0,0,0,0,0,0,0,0.88,1.02,487.49,7.96,129.28,-29.28,-384.85,72.63,-279.52,93.9,-3.75,0,28.49,233.52,0,0.88,487.49,7.96,0
(주)새성복건설,042141,2015/12,13.44,17.03,-10.06,0,0,0,0,0,-5.62,0,0,17.03,0,0,0,-4.5,0,-65.47,-0.33,-0.44,0,-6.42,0,0,0,-12.91,0,-187.96,0,0,0,-6.53,-0.44,-6.42,0,104.5,-60.97,-1.1,0,0,159.6,7.49,8.59,-0.63,17.54,3.61,34.39,-0.08,0,0,0,0,0,0,0,0,14355.05,-9398,0,3306.68,0,0,0,-645.4,10.51,0,11.75,10.51,89.49,0,141.27,0,0,0,46.25,46.25,26.12,0,0,0,0,0,0,0,0,0,0,0,-12.22,22.24,0,999999999,999999999,0,0,120.31,899.55,1084.07,-0.46,-2.91,-0.65,-7.03,0,0.1,0.1,0,2.87,0.07,0,0,0.83,0.83,0,0,0,0,0,0,0,0.11,0.11,0.27,0,0,-65.7,0,0,0,0,0,0,0,0,-0.7,-0.79,-595.13,-7.63,0,0,0,-65.7,-563.88,113.08,-9.49,0,129.7,264.89,0,-0.7,-595.13,-7.63,0
(주)새성복건설,042141,2016/12,-22.34,-39.48,123.62,0,0,0,0,0,-1.58,0,0,-39.48,0,0,0,20.95,0,88.21,2.25,2.14,0,9.02,0,0,0,59.2,0,249.25,22.06,0,0,8.91,2.14,9.02,0,79.05,90.26,-1.06,0,0,52.26,11.96,1.62,-0.87,16.33,2.66,42.78,-0.08,0,0,0,0,0,0,0,0,14128.02,12462,0,-27428.82,0,0,0,2960.1,30.27,0,43.4,30.27,69.73,0,142.83,0,0,0,85.75,85.75,14.9,0,0,0,0,0,0,0,0,0,0,0,-5.03,0.4,0,999999999,999999999,0,0,187.34,791.12,855.42,-6.99,-2498.24,-9.98,-85.37,0,0.1,0.1,0,2.83,0.07,0,0,0.53,0.53,0,0,0,0,0,0,0,0.13,0.13,0.22,0,0,1242.26,0,0,0,0,0,0,0,0,17.13,24.57,15244.36,146.55,9.93,90.07,60.19,1242.26,942.7,123.41,-9.01,0,16.69,168.48,0,17.13,15244.36,146.55,0
(주)새성복건설,042141,2017/12,-10.72,-3.46,-27.46,0,0,0,0,0,0.15,0,0,-3.46,0,0,0,-10.94,0,-1.14,-1.22,-1.35,0,-0.14,0,0,0,-30.96,0,-3.22,103.76,0,0,-0.28,-1.35,-0.14,0,110.94,11.58,-1.1,0,0,99.43,12.13,26.66,-0.99,18.59,3.72,48.13,-0.09,0,0,0,0,0,0,0,0,14149.4,-161,0,-9824.35,0,0,0,-1547.87,24.59,0,32.61,24.59,75.41,0,145.11,0,0,0,76.03,76.03,53.68,0,0,0,0,0,0,0,0,0,0,0,-7.75,31.89,0,999999999,999999999,0,0,223.02,585.31,762.53,-11.9,-54.13,-17.26,-131.64,0,0.12,0.12,0,2.83,0.09,0,0,0.45,0.45,0,0,0,0,0,0,0,0.17,0.17,0.2,0,0,536.49,0,0,0,0,0,0,0,0,8.29,10.99,34346.61,63.19,21.29,78.71,-1.8,536.49,5.43,114.24,-9.33,0,251.11,175.05,0,8.29,34346.61,63.19,0
(주)성은실버케어스,099204,2020/12,0,0,0,0,,0,0,0,0,0,0,0,0,0,0,-43.11,,165.9,-9.28,-9.38,,36.09,-47.58,,183.11,-616.55,,2372.78,22.51,,,38.8,-9.44,36.32,0,143.11,255.81,12.42,0,0,43.44,54.11,0.85,7.6,2.79,2.25,0.81,3.37,2.1,4.19,0,92.28,92.28,0,0,0,71513.31,59320,,-31355.4,129582.11,1195.82,0,-30827.67,8.49,0,9.27,8.49,91.51,19.71,80.29,1295.82,464.26,101.81,83.92,83.92,32.33,0,0,0,0,0,0,407.32,51.31,0,356.01,0,-1.63,66.86,339.17,-3.35,18.13,18.19,11.96,39.01,420.62,913.5,-2.97,-3.57,-2.38,-21.92,-3.47,0.22,0.22,1.1,14.3,0.27,0,0,2.56,2.56,0,0,0,0,0,0,0,0.24,0.24,1.17,0,0,4569.92,0,0,,0,0,0,0,0,34.76,38.25,561.87,319.52,27.67,72.33,51.92,4569.92,3042.28,1264.4,177.61,0.65,19.82,65.15,0,34.76,561.87,319.52,0
(주)성은실버케어스,099204,2021/12,8.52,16.21,-77.41,0,,0,0,-32.57,-92.36,0,0,16.49,0,0,0,-582.68,,-772.23,-4.65,-4.65,,-6.16,-29.36,,-38.91,-318.46,,-422.05,0,,,-3.5,-4.68,-6.2,0,682.68,-372.58,332.99,0,0.1,1050.15,28.81,2.48,31.54,14.98,2.54,2.81,3.15,3.14,3.57,0,88.56,88.56,0,0,0,2732.67,-21103,,-28977.05,43688.46,773.77,0,-15922.81,1.77,0,1.8,1.77,98.23,12.25,87.75,873.77,802.06,135.16,6.47,6.47,1.05,0,0,0,0,0,0,716.48,223.09,30.03,493.4,0,-25.56,81.3,663.79,-1.75,-1.87,10.85,7.74,625.79,11915.15,12961.2,-7.13,-7.7,-6.26,-817.05,-1.75,0.01,0.01,0.05,0.55,0.01,0,0,0.16,0.16,0,0,0,0,0,0,0,0.01,0.01,0.03,0,0,-142.82,0,0,,0,0,0,0,0,-1,-1.03,-5.14,-130.66,0,0,0,-142.82,-1044.17,332.5,363.98,3.3,28.65,172.92,0,-1,-5.14,-130.66,0
(주)성은실버케어스,099204,2022/12,-7.62,-10.14,153.08,0,,0,0,0,440.73,0,0,-10.51,0,0,0,-403.84,,-506.07,-17.39,-17.39,,-21.79,0,,0,-1193.46,,-1495.58,0,,,-17.43,-17.48,-21.9,0,503.84,-102.23,101.27,0,0.86,604.56,18.13,0.87,16.7,39.67,18.34,21.39,4.44,4.49,4.8,0,0,0,0,0,0,14776.5,-74779,,-31126.13,0,0,0,-59673.15,4.84,0,5.09,4.84,95.16,0,109.43,0,0,0,4.61,4.61,0.1,0,0,0,0,0,0,0,0,99.93,0,0,-100.22,101.1,0,-3.99,-4,0,0,75.3,2246.8,2224.09,-8.33,-9.02,-9.12,-203.37,-3.99,0.04,0.04,0,2.96,0.04,0,0,1.33,1.33,0,0,0,0,0,0,0,0.04,0.04,0.06,0,0,-286.47,0,0,,0,0,0,0,0,-2.17,-2.3,-18.76,-48.47,0,0,0,-286.47,-2991.15,649.61,598.56,3.6,31.04,1421.88,0,-2.17,-18.76,-48.47,0
(주)행복더하기,102888,2021/12,0,0,0,0,,0,0,0,0,0,0,0,0,0,95.75,3.51,,2.15,12.41,12.32,,7.54,47.19,,28.91,225.02,,137.84,42.88,,,9.38,12.32,7.55,4.25,96.49,-0.97,0.52,0,0.07,97.63,80.74,1.17,0.5,1.05,10.93,8.47,2.48,1.76,3.52,0,48.56,79.03,10,2.1,14.51,641589.83,6892,,37458.58,93323.23,376.81,0,22502.39,38.01,4.52,61.31,36.29,61.99,26.1,73.9,476.81,237.56,72.3,266.71,254.66,177.33,0,0,7.22,0,0,1.27,283.21,54.61,0,228.6,251.11,23.76,54.86,210.24,6.38,5.86,20.62,3.77,10.82,17.65,56.93,6.93,9.34,5.13,2.92,6.72,3.51,3.51,13.46,64.16,4.75,16048.92,0.02,9.24,9.68,204.61,1.78,451.28,789.62,711.77,0,0,5.66,5.67,6.72,0,0.57,10069.45,0,0,,0,0,0,0,0,157.46,254.23,26115.34,89.68,86.65,13.35,2.4,10069.45,284.88,9465.33,58.62,0,137.46,123.17,0,157.46,26115.34,89.68,0
(주)행복더하기,102888,2022/12,9.22,-0.87,25.69,181.33,,107.16,-62.9,27.85,18.13,0,0,-0.88,0,0,97.19,8.35,,3.77,16.76,16.56,,7.47,58.27,,26.28,316.53,,142.78,18.51,,,8.46,16.58,7.48,2.81,91.65,-4.19,0.5,0,0.13,95.97,80.69,0.46,0.5,1.05,6.15,13.15,1.38,2.3,2.28,100,54.91,83.6,10,1.64,7,378940.77,14278,,14697.09,59951.13,509.58,0,31653.43,43.74,1.33,77.74,43.16,56.26,30.55,69.45,609.58,184.19,76.4,165.92,163.71,114.63,0,1398.28,3.35,2633.35,40293.25,53.1,227.37,86.3,22.99,141.07,247.98,17.38,49.17,160.97,14.02,9.36,25.54,5.1,20.68,29.76,52.55,12.06,17.03,8.38,4.41,16.79,1.98,1.99,6.98,37.89,2.77,1152.31,0.32,4.84,4.97,176.29,2.07,518.36,497.61,576.82,46.59,7.83,3.36,3.36,3.22,0,0.1,11439.24,0,0,,0,0,0,0,0,163.78,292.19,54039.9,86.25,85.64,14.36,4.37,11439.24,552.12,10622.3,66,0,61.11,137.7,0,163.78,54039.9,86.25,0
더케이서드에이지(주),051725,2012/12,11.64,-31.12,-57,0,0,0,0,0,17.76,0,0,1487.21,0,0,-41.13,-58.44,0,-48.18,-14.55,-17.34,0,-14.3,0,0,0,-36.31,0,-29.94,0,0,0,-17.09,-25.45,-20.98,141.13,158.44,10.26,-9.41,0,0.99,143.65,7.63,0.05,-5.94,3.75,33.15,226.77,-2.29,0,0,0,0,0,0,0,0,6213.52,-2994,0,2283.68,0,0,0,-3631.1,36.8,0,58.23,36.8,63.2,0,127.47,0,0,0,726.9,726.9,216.49,0,0,0,0,0,0,0,0,0,0,385.68,31.74,0,0,999999999,999999999,0,0,217.59,119.43,140.77,5.6,0,7.14,25.39,0,0.3,0.44,0,0.62,0.24,0,0,0.46,0.46,0,0,0,0,0,9.7,37.61,0.84,9.22,0.43,0.1,0.03,-1863.49,0,0,0,0,0,0,0,0,-11.1,-445.91,-47830.95,-39.46,0,0,0,-1863.49,-2275.32,571.66,-444.45,,3.51,281.1,,-11.1,-47830.95,-39.46,
더케이서드에이지(주),051725,2013/12,21.85,-15.74,60.28,0,0,0,0,0,17.52,0,0,-0.54,0,0,-24.53,-40.18,0,-22.69,-7.06,-11.97,0,-6.76,0,0,0,-29.34,0,-16.57,0,0,0,-11.68,-26.26,-14.83,124.53,140.18,17.49,-16.51,0,1.07,119.31,8.01,0.05,-11.77,1.46,18.79,335.62,-3.84,0,0,0,0,0,0,0,0,7302.44,-1657,0,4920.82,0,0,0,-2934.48,48.41,0,93.84,48.41,51.59,0,128.75,0,0,0,1008.03,1008.03,93.83,0,0,0,0,0,0,0,0,0,0,284.23,43.61,0,0,999999999,999999999,0,0,144.9,190.69,186.26,10.39,0,13.38,49.33,0,0.3,0.65,0,0.73,0.23,0,0,0.69,0.69,0,0,0,0,0,12.49,29.22,0.52,14.41,0.62,0.08,0.03,-1434.79,0,0,0,0,0,0,0,0,-7.01,-407.45,-178456.09,-25.85,0,0,0,-1434.79,-1259.46,623.43,-916.12,,4.03,113.32,,-7.01,-178456.09,-25.85,
더케이서드에이지(주),051725,2014/12,10.21,-22.48,22.75,0,0,0,0,0,-3.15,0,0,-1.56,0,0,-22.99,-37.69,0,-22.92,-5.88,-9.42,0,-5.73,0,0,0,-26.66,0,-16.21,0,0,0,-9.27,-17.74,-10.79,122.99,137.69,14.77,-14.16,0,0.7,119.96,7.75,0.05,-10.28,1.2,20.09,451.2,-2.72,0,0,0,0,0,0,0,0,7072.75,-1621,0,2666.13,0,0,0,-2665.68,53.92,0,117.01,53.92,46.08,0,131.64,0,0,0,1645.22,1645.22,297.6,0,0,0,0,0,0,0,0,0,0,253.47,50.64,0,0,999999999,999999999,0,0,205.21,194.82,232.62,9.71,0,12.79,53.64,0,0.25,0.47,0,0.71,0.19,0,0,0.49,0.49,0,0,0,0,0,12.91,28.28,0.51,17.2,0.45,0.08,0.04,-1326.77,0,0,0,0,0,0,0,0,-5.88,-486.05,-66338250,-24.68,0,0,0,-1326.77,-1231.76,573.61,-760.9,0,3.57,88.71,0,-5.88,-66338250,-24.68,0
더케이서드에이지(주),051725,2015/12,-25.49,-22.47,-42.55,0,0,0,0,0,-14.16,0,0,-5.52,0,0,-26.7,-43.32,0,-27.61,-6.53,-10.16,0,-6.48,0,0,0,-26.3,0,-16.76,0,0,0,-10.11,-20.26,-12.91,126.7,143.32,15.71,-15.48,0,0.48,123.86,9.13,0.05,-10.8,1.2,22.56,574.12,-2.6,0,0,0,0,0,0,0,0,6071.38,-1676,0,-7957.17,0,0,0,-2630.26,41.57,0,71.15,41.57,58.43,0,150.09,0,0,0,1075.46,1075.46,63.56,0,0,0,0,0,0,0,0,0,0,387.81,37.71,0,0,999999999,999999999,0,0,207.41,218.96,156.58,-7.97,0,-11.97,-43.57,0,0.23,0.47,0,0.61,0.17,0,0,0.48,0.48,0,0,0,0,0,12.18,29.97,0.46,19.04,0.45,0.08,0.03,-1302.46,0,0,0,0,0,0,0,0,-7.75,-615.43,-65122850,-28.23,0,0,0,-1302.46,-1273.99,603.71,-714.39,0,3.06,79.15,0,-7.75,-65122850,-28.23,0
더케이서드에이지(주),051725,2016/12,-3.2,84.11,-7.29,0,0,0,0,0,-2.99,0,0,-0.29,0,0,-27.19,-44.81,0,-31.5,-8.67,-12.13,0,-8.53,0,0,0,-26.4,0,-18.55,0,0,0,-11.99,-28.43,-19.98,127.19,144.81,13.32,-12.78,0,0.74,127.79,9.37,0.05,-8.83,0.78,13.17,405.83,-2.23,0,0,0,0,0,0,0,0,5889.83,-1855,0,-1137.66,0,0,0,-2639.51,39.82,0,66.16,39.82,60.18,0,160.61,0,0,0,827.52,827.52,41.53,0,0,0,0,0,0,0,0,0,0,445.07,35.01,0,0,999999999,999999999,0,0,150.34,218.97,153.86,-13.23,0,-21.25,-77.21,0,0.27,0.63,0,0.59,0.17,0,0,0.67,0.67,0,0,0,0,0,12.28,29.73,0.46,14.89,0.6,0.08,0.03,-1320.81,0,0,0,0,0,0,0,0,-8.12,-338.98,-66040400,-29.51,0,0,0,-1320.81,-1409.9,607.33,-572.12,0,3,50.89,0,-8.12,-66040400,-29.51,0
더케이서드에이지(주),051725,2017/12,-11.15,-12.47,-4.55,0,0,0,0,0,0.21,0,0,-15.52,0,0,-31.85,-43.33,0,-33.3,-10,-12.66,0,-9.73,0,0,0,-25.58,0,-19.66,0,0,0,-12.39,-28.96,-22.26,131.85,143.33,10.03,-9.11,0,0.46,130.26,6.11,0.05,-6.35,1.04,15.33,453.09,-1.57,0,0,0,0,0,0,0,0,5902.1,-1966,0,-2625.6,0,0,0,-2557.66,42.77,0,74.74,42.77,57.23,0,178.64,0,0,0,713.94,713.94,98.94,0,0,0,0,0,0,0,0,0,0,469.39,36.78,0,0,999999999,999999999,0,0,141.07,201.27,145.71,-5.54,0,-9.9,-31.88,0,0.29,0.67,0,0.59,0.17,0,0,0.71,0.71,0,0,0,0,0,11.92,30.62,0.5,12.28,0.63,0.08,0.03,-1439.15,0,0,0,0,0,0,0,0,-9.96,-421.97,-71957300,-32.08,0,0,0,-1439.15,-1493.78,392.87,-408.45,0,3.23,66.99,0,-9.96,-71957300,-32.08,0
더케이서드에이지(주),051725,2018/12,-46.06,-8.25,-86.45,0,,0,0,0,-41.41,0,0,-15.88,0,0,-47.15,-73.95,,-65.05,-15.03,-17.48,,-15.37,0,,0,-25.57,,-22.49,0,,,-17.82,-50.37,-44.3,147.15,173.95,12.25,-10.36,0,9.7,154.96,7.89,0.07,-5.95,1.45,16.09,475.31,-1.17,0,0,0,0,0,0,0,0,3458.03,-2249,,-8428.92,0,0,0,-2557.38,10.74,0,12.04,10.74,89.26,0,267.87,0,0,0,256.83,256.83,28.26,0,0,0,0,0,0,0,0,0,0,4019.76,6.56,0,0,999999999,999999999,0,0,133.51,289.65,44.97,-20.12,0,-53.9,-159.84,0,0.24,0.68,0,0.35,0.11,0,0,0.75,0.75,0,0,0,0,0,8.31,43.9,0.35,8.04,0.64,0.12,0.02,-1463.77,0,0,,0,0,0,0,0,-18.78,-467.78,-73188700,-55.7,0,0,0,-1463.77,-1621.64,360.61,-272.22,0,3.31,66.17,0,-18.78,-73188700,-55.7,0
더케이서드에이지(주),051725,2019/12,-56.34,-9.85,56.8,0,,0,0,0,-13.06,0,0,-69.95,0,0,-60.18,-88.58,,-60.92,-31.29,-36.15,,-24.87,0,,0,-26.63,,-18.32,0,,,-29.74,-144.52,-99.4,160.18,188.58,27.66,-11.93,0,4.43,147.71,9.63,0.02,-6.32,1.48,16.58,543.55,-1.41,0,0,0,0,0,0,0,0,3006.46,-1832,,-5692.08,0,0,0,-2663.09,38.58,0,62.81,38.58,61.42,0,526.42,0,0,0,312.92,312.92,15.82,0,0,0,0,0,0,0,0,0,0,1958.51,26.25,0,0,999999999,999999999,0,0,47.05,197.95,70.86,-29.96,0,-157.69,-234.84,0,0.41,1.63,0,0.3,0.12,0,0,2.13,2.13,0,0,0,0,0,9.27,39.38,0.51,7.68,1.58,0.11,0.03,-1184.86,0,0,,0,0,0,0,0,-34.82,-420.04,-59242806.5,-51.86,0,0,0,-1184.86,-1392.05,414.82,-272.56,0,1.05,63.89,0,-34.82,-59242806.5,-51.86,0
백마씨앤엘(주),045902,2012/12,8.9,139.08,7.89,24.6,0,0,7.38,18.94,-12.99,0,0,138.46,0,0,84.5,8.83,0,0.64,1.22,1.14,0,0.08,237.31,0,17.31,136.07,0,9.92,79.18,0,0,1.04,1.14,0.08,15.5,91.17,-8.19,7.42,0,4.49,99.36,23.9,2.45,7.4,3.38,32.91,121.97,0.96,9.01,6.91,0,-60.51,-60.51,0,0,0,77027.58,496,0,57385.13,3114.37,-37.7,0,6803.5,98.31,93.81,5806.81,6.09,1.69,0.5,99.5,62.3,337.12,1.94,778.68,48.23,37.58,0,0.05,107.63,0,0.05,0,19813.31,2514.01,0,17299.3,101.39,85.68,10.99,2188.68,1.11,1.09,-0.3,-0.38,762.72,9.68,805.29,19.34,175.08,19.24,154.96,1.19,0.13,0.13,26.87,15.41,0.13,18.49,19.74,0.13,2.19,0.14,2617.43,0.14,67.58,0,303.32,1.2,10.34,10.36,0.11,0,0,1769.31,0,0,0,0,0,0,0,0,4.75,281.27,0,38.28,62.52,37.48,1.68,1769.31,29.77,1106.11,342.74,21.11,113.19,156.39,,4.75,,38.28,
백마씨앤엘(주),045902,2013/12,12.02,-22.7,12.61,-26.26,0,160.44,8.5,41.48,1.07,0,0,-22.67,0,0,13.06,6.44,0,1.66,0.89,0.76,0,0.2,133.39,0,34.36,100.34,0,25.84,0,0,0,0.77,0.76,0.2,86.94,93.56,-4.78,4.84,-0.04,2.23,98.36,3.19,0,4.86,7.23,48.08,162.45,0.58,7.24,7,0,-13.45,-13.45,0,0,0,77850.57,1292,0,30891.32,4407.12,-11.86,0,5016.93,98.83,90.38,8456.46,9.51,1.17,0.63,99.37,88.14,184.26,1.31,942.38,90.65,5.84,0,0.02,101.11,0,0.02,0,15666.09,1653.46,0,14012.63,100.6,88.34,9.18,1446.93,1.09,1.34,-0.09,-0.12,832.69,11.96,892.52,6.39,69.22,6.35,56.7,1.33,0.12,0.12,20.7,15.57,0.12,0,0,0.12,1.5,0.13,2795.92,0.13,9.54,0,390.85,0.93,8.36,8.38,0.11,0,0,788.87,0,0,0,0,0,0,0,0,1.89,162.24,0,16.89,18.82,81.18,9.83,788.87,77.53,148.45,226.22,0,0,336.67,0,1.89,0,16.89,0
백마씨앤엘(주),045902,2014/12,1.59,-29.84,1.95,-8.5,0,152.31,10.58,73.97,-11.99,0,0,-29.56,0,0,12.79,6.7,0,4.76,0.77,0.66,0,0.47,76.04,0,54,91.81,0,65.2,0,0,0,0.71,0.66,0.47,87.21,93.3,-1.94,2.51,0.01,2.58,95.35,2.45,0,2.58,4.37,30.99,325.67,0.25,6.44,4.86,0,34.79,34.79,0,0,0,68516.57,3260,0,-26671.55,7667.25,53.35,0,4590.42,99.19,98.03,12239.11,1.95,0.81,1.09,98.91,153.35,74.61,0.87,1463.82,28.82,3.93,0,0.02,105.22,0,0.02,0,9105.96,623.8,0,8482.16,99.7,92.41,5.49,505,1.84,2.89,0.38,0.53,1012.04,10.1,1030.18,0.3,5.45,0.3,3.08,2.67,0.1,0.1,11.35,13.7,0.1,0,0,0.1,1.72,0.1,3481.3,0.11,4.52,0,482.28,0.76,9.9,9.94,0.09,0,0,572.41,0,0,0,0,0,0,0,0,1.35,167.8,0,13.92,17.16,82.84,34.17,572.41,195.61,98.24,103.26,0,0,175.31,0,1.35,0,13.92,0
백마씨앤엘(주),045902,2015/12,14.35,8357.62,-53.4,-71.21,0,-96.98,-62.24,1.28,1.41,0,0,8306.27,0,0,7.65,1.9,0,0.14,0.19,0.17,0,0.01,17.13,0,1.27,26.44,0,1.97,0,0,0,0.24,0.17,0.01,92.35,98.1,-1.76,2.51,0,3.51,99.86,1.63,0,2.48,9.28,5.53,12.65,0.23,5.81,5.23,0,35.61,35.61,0,0,0,69480.62,98,0,52150.32,7759.27,55.31,0,1321.78,40.42,79.44,67.84,8.31,59.58,0.96,99.04,155.31,6192.35,62.82,783.43,161.11,121.03,0,0.07,91.06,0,0.07,0,10293.4,536.24,0,9757.16,266.24,35.26,3.93,408.14,0.72,1.06,0.34,0.55,738.59,350.16,1161.63,1.59,40.19,1.58,18.34,0.76,0.09,0.09,9,13.9,0.09,0,0,0.14,1.72,0.15,2483.45,0.15,4.57,0,431.51,0.85,0.29,0.29,0.12,0,0,569.77,0,0,0,0,0,0,0,0,1.18,1.97,0,13.67,12.03,87.97,1.04,569.77,5.9,68.56,104.59,0,0,390.72,0,1.18,0,13.67,0
백마씨앤엘(주),045902,2016/12,13.9,-1.1,25.8,162.03,0,2520.8,26.85,33.18,10.2,0,0,5.83,0,0,8.74,4.52,0,3.37,0.48,0.4,0,0.3,38.25,0,28.46,69.27,0,51.53,0,0,0,0.38,0.41,0.3,91.26,95.48,-1.16,0.87,0,0.42,96.68,3.52,0,0.89,8.94,2.97,15.37,0.08,7.73,5.47,0,51.65,51.65,0,0,0,76568.72,2577,0,64693.13,10337.35,106.85,0,3463.42,44.64,80.09,80.64,8.89,55.36,1.12,98.88,206.85,4920.71,57.12,1445.66,287.76,241.75,0,0.05,86.05,0,0.05,0,8788.99,274.5,0,8514.5,230.51,41.55,1.89,167.85,2.58,4.85,0.58,1.07,481.04,646.34,1157.12,6.43,336.54,6.35,76.3,5.18,0.09,0.09,8.46,15.31,0.09,0,0,0.21,1.03,0.26,1401.16,0.27,5.01,0,456.79,0.8,0.15,0.16,0.19,0,0,755.68,0,0,0,0,0,0,0,0,1.37,2.65,0,16.45,20.96,79.04,20.46,755.68,154.6,158.36,40.15,0,0,402.57,0,1.37,0,16.45,0
백마씨앤엘(주),045902,2017/12,9.55,65.67,-61.86,43.56,0,87.97,-71.8,46.83,15,0,0,67.13,0,0,13.04,5.65,0,5.5,0.57,0.52,0,0.5,38.96,0,37.95,99.44,0,96.87,0,0,0,0.51,0.54,0.53,86.96,94.35,-0.15,0.13,0,1,94.55,5.89,0,0.13,10.28,2.9,11.44,0.01,3.41,3.6,0,67.07,67.07,0,0,0,88053.82,4843,0,9565.33,15182.22,203.71,0,4972.22,15.54,59.22,18.41,6.34,84.46,1.51,98.49,303.71,5600.93,86.15,790.98,322.6,257.2,0,0.21,67.78,0,0.72,0,6531.83,130.33,60.01,6401.5,710.83,13.58,1.93,127.9,7.51,44.96,1.01,2.04,321.94,771.94,1072.55,3.74,191.17,3.69,42.17,45.13,0.09,0.1,6.9,17.61,0.09,0,0,0.31,1.21,0.42,873.43,0.52,2.17,0,493.18,0.74,0.13,0.14,0.29,0,0,1112.6,0,0,0,0,0,0,0,0,1.84,2.35,0,21.06,26.69,73.31,26.12,1112.6,290.61,296.98,6.61,0,0,518.4,0,1.84,0,21.06,0
백마씨앤엘(주),045902,2018/12,9.67,4.89,28.46,-46.03,,-65.12,69.54,11.13,-1.32,0,0,6.22,0,0,9.12,3.09,,1.94,0.31,0.25,,0.16,16.74,,10.54,53.67,,33.79,34.04,,,0.17,0.27,0.17,90.88,96.91,-0.14,0.17,0,0.96,97.08,4.99,0,0.17,10.63,2.39,13.37,0.01,4.19,3.98,0,70.37,70.37,0,0,0,86894.37,1690,,31923.88,16873.13,237.5,0,2683.53,18.21,78.15,22.26,3.98,81.79,1.53,98.47,337.5,5353.51,84.39,592.72,129.5,51.43,0,0.22,94.01,0,1.26,0,6445.19,201.05,58.14,6244.14,630.32,15.14,1.59,104.28,3.64,18.29,1.08,2.38,205.79,1009.25,1182.49,1.91,117.89,1.88,23.87,18.12,0.08,0.09,5.42,17.38,0.08,0,0,0.49,1.61,0.7,524.77,3.25,0.89,0,327.92,1.11,0.1,0.11,0.42,0,0,960.29,0,0,,0,0,0,0,0,1.45,1.94,0,18.42,26.52,73.48,10.56,960.29,153.69,254.67,8.89,0,0,543.04,0,1.45,0,18.42,0
백마씨앤엘(주),045902,2019/12,7.06,6.6,11.17,-59.41,,-53.39,14.27,4.67,0.75,0,0,6.15,0,0,9.19,1.24,,0.9,0.13,0.1,,0.07,6.31,,4.56,21.78,,15.75,49.5,,,0.04,0.1,0.07,90.81,98.76,0.54,-0.4,0,2.63,98.23,5.14,0,-0.4,10.81,2.37,15.04,-0.03,0,0,0,71.69,71.69,0,0,0,87542.72,787,,46925.74,17661.99,253.25,0,1089.22,18.91,80.33,23.31,3.72,81.09,1.49,98.51,353.25,5429.21,83.7,607.38,119.48,48.53,0,0.16,96.16,0,1.04,0,6594.95,208.39,96.31,6386.55,604.02,15.79,2.42,161.93,999999999,999999999,1.07,2.53,242.55,1063.69,1261.68,3.38,137.84,3.33,45.03,0,0.08,0.08,5.07,17.51,0.08,0,0,0.41,1.99,0.52,702.02,3.27,0.62,0,283.61,1.29,0.09,0.1,0.35,0,0,902.46,0,0,,0,0,0,0,0,1.27,1.71,0,17.18,29.61,70.39,5.24,902.46,93.56,267.25,-20.81,0,0,562.45,0,1.27,0,17.18,0
백마씨앤엘(주),045902,2020/12,6.32,4.84,16.35,149.28,,51.42,0.56,6.75,0.1,0,0,3.98,0,0,8.55,3.1,,1.36,0.24,0.22,,0.1,14.87,,6.53,54.3,,23.85,56.07,,,0.08,0.24,0.1,91.45,96.9,0,-0.28,0,0.37,96.92,5.13,0,-0.29,11.5,2.38,16.61,-0.02,0.02,0.02,0,73.48,73.48,0,0,0,87632.66,1192,,76865.96,18855.02,277.1,0,2715.2,20.69,69.43,26.09,6.33,79.31,1.5,98.5,377.1,5288.35,81.45,788.03,240.92,23.94,0,0.13,79.52,0,0.85,0,6567.94,175.07,96.98,6392.87,530.74,18.06,1.9,126.72,684.22,999999999,1.1,2.77,275.97,1116.06,1350.8,5,259.05,4.92,70.63,0,0.07,0.08,4.8,17.53,0.07,0,0,0.36,1.42,0.49,750.1,3.28,0.57,0,346.25,1.05,0.09,0.1,0.32,0,0,1000.25,0,0,,0,0,0,0,0,1.33,1.8,0,19.02,26.3,73.7,7.15,1000.25,162.86,263.03,-14.91,0,0,589.27,0,1.33,0,19.02,0
백마씨앤엘(주),045902,2021/12,8.2,3.09,56.91,-11.39,,1305.26,3.4,88.87,2.82,0,0,-4.51,0,0,7.74,2.67,,18.6,1.38,0.18,,1.28,8.83,,61.53,48.12,,335.11,6.05,,,0.08,0.19,1.32,92.26,97.33,17.12,-17.38,0,0.47,83.2,4.56,0,-17.73,11.11,2.33,18.55,-1.22,0.02,0.01,0,85.96,85.96,0,0,0,90102.5,16756,,110445.95,35610.65,612.21,0,2405.95,30.01,45.75,42.87,16.28,69.99,2.62,97.38,712.21,2673.77,71.21,1761.25,955.5,130.56,0,0.12,48.5,0,0.85,0,3719.95,65.08,0,3654.88,338.07,28.3,1.03,39.26,1089.24,999999999,2.25,6.12,370.85,1081.69,1509.74,7.07,669.91,6.88,103.94,0,0.07,0.07,3.31,18.02,0.07,0,0,0.27,0.6,0.49,744.01,3.37,0.57,0,397.21,0.92,0.09,0.1,0.25,0,0,960.91,0,0,,0,0,0,0,0,1.18,1.68,0,17.77,25.14,74.86,104.62,960.91,1070,241.62,-939.76,0,0.09,588.96,0,1.18,0,17.77,0
백마씨앤엘(주),045902,2022/12,4.9,0.32,15.59,51.76,,-56.96,0.48,20.25,6.06,0,0,0.32,0,0,10.95,3.82,,7.55,0.57,0.26,,0.52,9.31,,18.39,73.02,,144.23,11.47,,,0.21,0.26,0.52,89.05,96.18,4.7,-4.53,0,1.86,91.89,5.36,0,-4.68,11.13,2.43,21.04,-0.32,0,0,0,88.32,88.32,0,0,0,95559.05,7211,,73255.09,42822.03,756.44,0,3651.18,33.06,39.77,49.39,19.91,66.94,3,97,856.44,2230.56,68.01,2104.06,1267.28,31.86,0,0.12,41.75,0,0.83,0,3232.34,52.36,0,3179.97,303.03,31.49,0.88,29.39,999999999,999999999,2.65,7.56,460.43,997.98,1493.29,6.64,729.92,6.44,96.12,0,0.07,0.07,2.44,19.11,0.07,0,0,0.22,0.38,0.51,714.97,3.57,0.6,0,424.77,0.86,0.1,0.1,0.21,0,0,1142.77,0,0,,0,0,0,0,0,1.33,1.99,0,19.93,25.98,74.02,37.86,1142.77,488.72,296.87,-259.48,0,0,616.66,0,1.33,0,19.93,0
보람재향상조주식회사,058628,2012/12,124.3,-39.58,47.15,0,0,0,-33.54,0,-8.03,0,0,3659.67,0,0,0,-54.44,0,-7.01,-3.31,-6,0,-0.77,0,0,0,-1211.56,0,-155.99,0,0,0,-3.47,-6.03,-0.78,0,154.44,47.43,-24.43,0,19,104.75,13.14,0.41,-15.81,0.45,31.02,59.93,-2.12,0,0,0,0,0,0,0,0,111274.13,-7800,0,271092.17,0,0,0,-60578.17,64.2,0.12,179.34,64.12,35.8,0,103.28,0,0,0,7840.45,7830.98,421.12,0,0,0.12,0,0,0,0,0,0,0,161.66,63.38,0,0,999999999,999999999,0,0,676.46,230.55,1254.66,17.76,0,18.35,230.19,0,0.11,0.11,0,22.25,0.09,0,0,0.15,0.15,82.1,4.45,0,0,0,0,0,0.43,372.7,0.08,0.01,0.22,-867.89,0,0,0,0,0,0,0,0,-0.62,-3858.81,0,-7.8,0,0,0,-867.89,-779.95,2259.48,-2718.52,223.58,69.79,77.73,0,-0.62,0,-7.8,0
보람재향상조주식회사,058628,2013/12,14.64,810.47,31.89,0,0,0,9.95,0,2.66,0,0,-16.29,0,0,0,-48.61,0,1.95,-1.66,-3.71,0,0.15,0,0,0,-1110.49,0,44.66,26.15,0,0,-1.9,-3.71,0.15,0,148.61,50.56,-26.89,0,5.81,98.75,14.24,0.45,-17.35,0.87,44.81,26.33,-1.94,0,0,0,0,0,0,0,0,114234.06,2233,0,284352.21,0,0,0,-55524.62,73.86,0.1,282.55,73.79,26.14,0,107.45,0,0,0,11445.18,11433.66,1239.09,0,0,0.1,0,0,0,0,0,0,0,145.89,73.21,0,0,999999999,999999999,0,0,909.73,401.88,1401.06,16.15,0,17.35,243.12,0,0.08,0.08,0,22.85,0.07,0,0,0.11,0.11,100.54,3.63,0,0,0,0,0,0.25,100.53,0.11,0.01,0.28,178.45,0,0,0,0,0,0,0,0,0.11,87.14,123.91,1.56,1412.98,-1312.98,125.13,178.45,223.3,2521.46,-3071.36,271.16,79.07,154.83,0,0.11,123.91,1.56,0
보람재향상조주식회사,058628,2014/12,19.51,-42.23,24.24,0,0,493.84,-12.1,0,-0.09,0,0,6.16,0,0,0,-14.24,0,11.62,1.17,-0.93,0,0.75,0,0,0,-325.08,0,265.21,5.59,0,0,-1.34,-0.93,0.75,0,114.24,25.86,-32.29,0,5.43,91.4,17.21,0.56,-26.14,1.38,34.79,34.44,-1.97,0,0,0,0,0,0,0,0,114132.77,13260,0,283995.34,0,0,0,-16253.93,76.78,0.07,330.66,76.73,23.22,0,105.54,0,0,0,7127.07,7121.99,246.33,0,0,0.07,0,0,0,0,0,0,0,138,75.7,0,0,999999999,999999999,0,0,1161.25,377.86,1675.92,14.08,0,14.86,248.99,0,0.06,0.06,0,22.83,0.06,0,0,0.09,0.09,102.08,3.58,0,0,0,0,0,0.26,70.65,0.09,0.01,0.28,657.53,0,0,0,0,0,0,0,0,0.34,555.8,831.6,5.76,368.96,-268.96,201.67,657.53,1326.03,2426,-3685.01,316.99,78.53,194.98,0,0.34,831.6,5.76,0
보람재향상조주식회사,058628,2015/12,16.71,-43.42,17.6,0,0,0,9.3,0,13.86,0,0,13.76,0,0,0,-30.09,0,-7.42,-0.09,-1.89,0,-0.47,0,0,0,-781.96,0,-192.98,0,0,0,-2.26,-1.89,-0.47,0,130.09,23.19,-28.69,0,5.66,105.27,14.68,0.95,-20.81,0.78,23.66,48.11,-1.71,0,0,0,0,0,0,0,0,129951.1,-9648,0,262428.57,0,0,0,-39098.06,77.37,0.07,341.83,77.32,22.63,0,105.18,0,0,0,8836.26,8830.41,270.09,0,0,0.07,0,0,0,0,0,0,0,136.36,76.49,0,0,999999999,999999999,0,0,1229.6,365.3,1717.88,11.64,0,12.24,210.24,0,0.06,0.06,0,25.99,0.06,0,0,0.08,0.08,118.71,3.07,0,0,0,0,0,0.27,140.31,0.08,0.01,0.33,-1400.28,0,0,0,0,0,0,0,0,-0.63,-2092.09,-3735.57,-10.78,0,0,0,-1400.28,-896.48,2629.96,-3728.64,285.13,170.49,139.27,0,-0.63,-3735.57,-10.78,0
보람재향상조주식회사,058628,2016/12,11.02,-1.1,8.68,0,0,0,10.23,0,0.48,0,0,19.02,0,0,0,-38.66,0,-13.84,-0.64,-2.14,0,-0.77,0,0,0,-1009.63,0,-361.35,0,0,0,-2.27,-2.16,-0.77,0,138.66,25.84,-27.15,0,0.66,109.75,13.64,0.41,-18.82,0.73,27.79,67.17,-1.43,0,0,0,0,0,0,0,0,130575.49,-18067,0,188085.97,0,0,0,-50481.25,75.74,0.07,312.14,75.69,24.26,0,105.4,0,0,0,8498.31,8492.61,208.48,0,0,0.07,0,0,0,0,0,0,0,139.63,74.85,0,0,999999999,999999999,0,0,1380.14,423.75,1875.14,8.62,0,9.09,172.51,0,0.06,0.06,0,26.12,0.05,0,0,0.07,0.07,108.65,3.36,0,0,0,0,0,0.24,196.16,0.07,0.01,0.3,-2135.67,0,0,0,0,0,0,0,0,-0.86,-3226.14,-10377.91,-16.36,0,0,0,-2135.67,-1674.23,2569.86,-3544.91,300.19,76.82,136.6,0,-0.86,-10377.91,-16.36,0
보람재향상조주식회사,058628,2017/12,3.09,-41.91,1.3,0,0,0,-6.61,0,5.67,0,0,8.7,0,0,0,-123.45,0,-99.6,-5.35,-6.77,0,-5.46,0,0,0,-3406.72,0,-2748.58,0,0,0,-6.87,-6.95,-5.61,0,223.45,23.85,-25.77,0,0.54,175.44,8.39,0.28,-11.13,0.41,32.59,91.33,-1.31,0,0,0,0,0,0,0,0,137978.65,-137429,0,92650.04,0,0,0,-170336.08,74.42,0.06,290.89,74.37,25.58,0,110.61,0,0,0,6439.79,6435.8,38.5,0,0,0.06,0,0,0,0,0,0,0,149.41,73.26,0,0,999999999,999999999,0,0,1369.25,454.78,1779.32,4.97,0,5.49,101.73,0,0.05,0.06,0,27.6,0.05,0,0,0.07,0.07,113.23,3.22,0,0,0,0,0,0.22,263.69,0.07,0.01,0.31,-14103.48,0,0,0,0,0,0,0,0,-5.52,-36678.15,-124831.67,-102.21,0,0,0,-14103.48,-13742.92,2679.94,-3556.32,295.86,87.93,132.03,0,-5.52,-124831.67,-102.21,0
보람재향상조주식회사,058628,2018/12,5.01,23342.02,-85.5,0,,0,41.63,0,19.74,0,0,268.32,0,0,0,-68.2,,-46.85,-2.67,-4.3,,-2.96,0,,0,-1126.76,,-774.05,0,,,-4.58,-6.64,-4.56,0,168.2,23.57,-25.8,0,1.51,133.95,10.66,0.42,-14.65,0.84,10.39,10.66,-1.46,0,0,0,0,0,0,0,0,82605.79,-25802,,39089.4,0,0,0,-56338.04,10.27,0.6,11.45,10.21,89.73,0,112.27,0,0,0,781.68,776.95,24.14,0,0,0.69,0,0,0,0,0,0,0,1238.47,8.96,0,0,999999999,999999999,0,0,658.88,926.44,567.89,2.84,0,3.18,51.7,0,0.06,0.1,0,16.52,0.06,0,0,0.15,0.15,116.19,3.14,0,0,0,0,0,0.11,3.65,0.15,0.01,0.32,-7851.66,0,0,,0,0,0,0,0,-2.93,-87.11,-25643.95,-47.52,0,0,0,-7851.66,-7374.07,3100.84,-4261.84,316.11,122.61,244.69,0,-2.93,-25643.95,-47.52,0
보람재향상조주식회사,058628,2019/12,6.09,-12.15,7.76,0,,0,11.62,0,-13.51,0,0,5.9,0,0,0,-54.41,,-33.16,-1.35,-2.81,,-1.71,0,,0,-518.36,,-315.87,0,,,-3.18,-8.01,-4.88,0,154.41,21.95,-28.37,0,1.79,122.23,12.36,0.59,-15.9,1.15,7.28,17.2,-1.3,0,0,0,0,0,0,0,0,47632.73,-15794,,45594.59,0,0,0,-25917.82,10.44,0.63,11.65,10.37,89.56,0,113.62,0,0,0,706.02,701.59,166.74,0,0,0.73,0,0,0,0,0,0,0,1252,8.96,0,0,999999999,999999999,0,0,200.39,1734.46,701.98,3.32,0,3.78,75.22,0,0.05,0.15,0,9.53,0.05,0,0,0.5,0.5,81.02,4.51,0,0,0,0,0,0.06,1.69,0.44,0.01,0.22,-4854.39,0,0,,0,0,0,0,0,-1.71,-61.3,-7089.91,-33.97,0,0,0,-4854.39,-4638.72,3152.66,-4054.6,242.81,150.66,292.79,0,-1.71,-7089.91,-33.97,0
보람재향상조주식회사,058628,2020/12,-3.15,124.62,-43.81,0,,0,-75.42,0,-7.58,0,0,1.58,0,0,0,-45.06,,-152.5,-0.56,-2.12,,-7.19,0,,0,-396.73,,-1342.73,0,,,-8.75,-6.18,-20.93,0,145.06,-110.22,-33.02,0,1.07,208.75,6.04,0.35,-11.08,0.58,5.07,14.09,-1.33,0.3,0.59,0,0,0,0,0,0,44023.17,-67136,,-31548.53,0,0,0,-19836.27,6.05,0.27,6.44,6.04,93.95,0,121.43,0,0,0,220.33,219.72,45.05,0,0,0.5,0,0,0,0,0,0,0,3589.13,3.31,1.81,0,-403.34,999999999,0,0,175.65,1945.72,697.99,0.63,42.14,0.76,15.95,0,0.05,0.14,0,8.8,0.04,0,0,0.57,0.57,113.96,3.2,0,0,0,0,0,0.05,1.03,0.45,0.01,0.31,-21916.91,0,0,,0,0,0,0,0,-7.95,-123.21,-73374.33,-165.95,0,0,0,-21916.91,-20507.28,2376.61,-4361.53,206.03,139.51,229.75,0,-7.95,-73374.33,-165.95,0
보람재향상조주식회사,058628,2021/12,1.39,113.24,536.72,0,,0,-0.28,0,25.93,0,0,-33.11,0,0,0,-3.61,,-27.4,0.74,-0.22,,-1.64,0,,0,-40.01,,-303.79,0,,,-2.59,-0.34,-2.56,0,103.61,-23.7,-15.77,0,0.44,123.42,7.59,0.4,-10.96,1.05,4.8,18.01,-0.77,0,1.43,0,0,0,0,0,0,55438.87,-15190,,62744.35,0,0,0,-2000.48,38.02,0.04,61.35,38.01,61.98,0,122.67,0,0,0,5247.34,5245.09,4805.37,0,9.52,0.04,0,24.49,0,0,0,0,0,326.96,37.3,0,0,-16.77,999999999,0,0,369.68,1299.42,1583.68,1.36,0,1.67,28.14,0,0.06,0.09,0,11.09,0.05,0,0,0.27,0.27,364.2,1,1876.99,0,0,7664.36,0.05,0.08,0.6,0.25,0,0.95,-4876.97,0,0,,0,0,0,0,0,-1.74,-12.86,-29735.79,-29.32,0,0,0,-4876.97,-4541.27,1815.88,-2622.53,123.99,94.52,252.44,0,-1.74,-29735.79,-29.32,0
보람재향상조주식회사,058628,2022/12,5.57,-2.51,12.68,0,,0,55912.68,0,28.61,0,0,1.2,0,0,0,5.86,,10.66,1.47,0.44,,0.79,0,,0,83.57,,152.08,20.53,,,-0.24,0.46,0.84,0,94.14,5.32,-13.91,0,1.17,90.26,11.89,2.16,-13.42,1.49,4.18,0,-0.85,0,0,0,0,0,0,0,0,71301.87,7604,,42971.11,0,0,0,4178.56,40.59,21.33,68.31,31.93,59.41,0,120.73,0,0,0,4406.22,3466.41,697.63,0,0.6,21.82,0,511.47,0,0,0,0,0,302.05,39.67,1.14,0,999999999,999999999,0,0,528.35,814.73,1305.08,4.45,470.98,5.37,74.13,0,0.07,0.08,0,14.26,0.06,0,0,0.19,0.21,1.67,218.32,895.62,0,1.68,270.74,1.35,0.12,0.57,0.19,0,0,2980.98,0,0,,0,0,0,0,0,1.01,8.06,33096.3,13.94,88.41,11.59,76.53,2980.98,2391.79,2635.39,-2974.64,120.38,478.81,329.25,0,1.01,33096.3,13.94,0
에코바이크(주),060234,2012/05,0,0,0,0,0,0,0,0,0,0,0,0,0,0,23.87,9.6,0,-10.96,3.32,3.3,0,-3.77,0,0,0,15.02,0,-17.15,0,0,0,3.47,3.42,-3.91,76.13,90.4,-20.56,21.05,0,0.16,110.9,6.93,0.35,18.88,37.45,16.51,24.29,6.4,8.43,8.43,0,0,0,0,0,0,7822.23,-1113,0,-946.07,0,0,0,750.77,23.87,0,31.35,23.87,76.13,0,113.17,0,0,0,62.54,62.54,0.87,0,0,0,0,0,0,0,0,13.7,0,0,-14.3,86.07,0,0.45,0.48,0,0,69.42,221.45,280.63,-3.67,-4.83,-4.16,-12.09,0.46,0.34,0.36,0,1.56,0.3,0,0,1.44,1.44,0,0,0,0,0,1.64,221.99,0.45,0.69,0.55,0.61,0,2374.79,0,0,0,0,0,0,0,0,20.62,41.23,299.06,59.98,12.89,87.11,-18.27,2374.79,-433.94,306.13,833.59,,15.58,1653.45,,20.62,299.06,59.98,
에코바이크(주),060234,2013/05,-14.46,-23.26,-0.09,0,0,0,0,0,-20.96,0,0,-18.97,0,0,-4.58,-22.4,0,-48.69,-6.45,-6.56,0,-14.26,0,0,0,-27.7,0,-60.2,0,0,0,-6.48,-6.82,-14.82,104.58,122.4,-26.29,26.58,0,0.01,148.34,6.75,0.37,17.79,35.91,18.25,45.21,6.42,8.83,8.67,0,0,0,0,0,0,6182.47,-3907,0,2244.82,0,0,0,-1384.85,27.88,0,38.65,27.88,72.12,0,130.86,0,0,0,51.16,51.16,0.48,0,0,0,0,0,0,0,0,22.4,0,0,-26.61,96.99,0,-0.83,-0.83,0,0,87.79,253.61,301.84,2.55,3.44,3.34,10.5,-0.84,0.29,0.3,0,1.24,0.24,0,0,1.14,1.14,0,0,0,0,0,1.56,234,0.39,0.61,0.41,0.64,0,1320.14,0,0,0,0,0,0,0,0,13.4,29.86,245,42.18,23.91,76.09,-115.42,1320.14,-1523.71,315.71,831.73,,17.45,1678.96,,13.4,245,42.18,
에코바이크(주),060234,2014/05,-20.31,-23.01,-35.42,0,0,0,0,0,14.82,0,0,-14.47,0,0,14.46,0.45,0,-16.26,0.24,0.18,0,-6.6,0,0,0,0.63,0,-23.08,0,0,0,0.25,0.18,-6.75,85.54,99.55,-16.7,16.88,0,0.03,116.2,7.44,0.46,14.48,32.3,17.58,68.47,4.98,7.33,6.83,0,0,0,0,0,0,7098.98,-1498,0,1242.68,0,0,0,31.59,22.59,0,29.18,22.59,77.41,0,146.16,0,0,0,40.75,40.75,3.22,0,0,0,0,0,0,0,0,16.58,0,0,-32.84,106.29,0,0.03,0.04,0,0,62.89,183.42,218.47,7.69,10.58,11.24,24.56,0.03,0.41,0.42,0,1.42,0.29,0,0,1.59,1.59,0,0,0,0,0,2.25,161.88,0.55,0.92,0.5,0.44,0.01,1706.52,0,0,0,0,0,0,0,0,21.74,50.14,601.74,47.49,18.25,81.75,-34.23,1706.52,-584.18,311.49,606.58,0,19.39,1353.25,0,21.74,601.74,47.49,0
에코바이크(주),060234,2015/05,-28.69,-17.29,-73.55,0,0,0,0,0,-16.87,0,0,-15.6,0,0,-0.34,-16.37,0,-26.11,-7.27,-7.27,0,-11.6,0,0,0,-19.32,0,-30.81,0,0,0,-7.22,-7.27,-11.6,100.34,116.37,-9.74,9.86,0,0.24,126.07,9.42,0.38,7.81,38.27,21.91,95.6,2.74,4.24,3.85,0,0,0,0,0,0,5901.73,-2000,0,3680.63,0,0,0,-966.14,8.38,0,9.15,8.38,91.62,0,178.67,0,0,0,10.93,10.93,2.91,0,0,0,0,0,0,0,0,19.87,0,0,-68.3,124.35,0,-1.66,-1.65,0,0,37.53,187.55,187.39,12.46,17.9,22.26,41.71,-1.66,0.44,0.44,0,1.18,0.28,0,0,2.66,2.66,0,0,0,0,0,3.15,115.94,0.53,0.96,0.55,0.32,0.01,1327.68,0,0,0,0,0,0,0,0,23.72,47.17,4682.03,44.44,26.75,73.25,-58.74,1327.68,-779.9,355.19,294.66,0,14.22,1443.52,0,23.72,4682.03,44.44,0
에코바이크(주),060234,2016/05,-16.63,-20.47,-6.08,0,0,0,0,0,42.01,0,0,-17.59,0,0,39.93,29.53,0,22.03,24.41,24.41,0,18.21,0,0,0,49.49,0,36.92,1.32,0,0,24.58,24.55,18.31,60.07,70.47,-7.5,7.71,0,0.13,78.02,10.03,0.38,9.86,31.04,18.82,128.05,3.61,6.71,5.53,0,0,0,0,0,0,8381.34,2396,0,-88.25,0,0,0,2474.71,9.44,0,10.42,9.44,90.56,0,174.34,0,0,0,16.47,16.47,2.9,0,0,0,0,0,0,0,0,28.34,0,0,-47.87,104.56,0,3.83,3.86,0,0,10.72,110.26,108.59,11.17,18.63,19.48,21.43,3.83,0.83,0.83,0,1.68,0.47,0,0,9.33,9.33,0,0,0,0,0,13.93,26.2,0.91,1.68,1.08,0.07,0.04,2636.46,0,0,0,0,0,0,0,0,56.49,121.01,0,62.14,12.62,87.38,35.44,2636.46,934.47,332.85,327.1,0,12.52,1029.52,0,56.49,0,62.14,0
주식회사대한복지,066368,2012/12,0,0,0,0,0,0,0,0,0,0,0,0,0,0,0,0,0,0,0.01,0,0,0.01,0,0,0.13,0,0,0.13,13.51,0,0,0,0,0.01,0,0,0,0,0,0,0,0,0,0,0,0,0,-0.01,0,0,0,1.17,1.17,0,0,0,0,19,0,5850.2,10117.97,1.18,0,0,2.8,0,2.88,2.8,97.2,4.02,95.98,101.18,2414.96,628.38,3.32,3.32,0.48,0,0,0,0,0,0,2384.62,2100.31,87.62,284.31,0,-81.73,92.42,2296.3,999999999,999999999,0.05,0.01,0,0,0,1.21,1.26,1.16,0,0,0,0,0,0,0,0,0,0,0,0,0,0,0,0,0,0,0,0,0,0,0,0,0,0,0,0,0,0,0,0,0,0,0,0,0,0,0,0,0.22,0,-0.22,0,0,0,0,0,0,0,0
주식회사대한복지,066368,2013/12,22.96,18.2,187.29,0,0,0,0,0,0,0,0,18.22,0,0,0,-68.76,0,-213.71,-1.63,-1.64,0,-5.08,0,0,0,-45.84,0,-142.47,0,0,0,-1.76,-3.73,-11.59,0,168.76,-144.95,139.73,0,0.01,313.16,0.13,5.21,44.5,25.34,97.87,10.68,3.36,3.35,3.66,0,0,0,0,0,0,3333.33,-7124,0,2588.9,0,0,0,-2291.9,6.55,0,7.01,6.55,93.45,0,101.34,0,0,0,8.31,8.31,1.08,0,0,0,0,0,0,0,0,76.15,0,0,-72.24,90.01,0,-0.49,-0.53,0,0,204.73,3999,1984.04,1.76,1.98,1.78,82.71,-0.49,0.02,0.05,0,0.67,0.02,0,0,0.49,0.49,0,0,0,0,0,0,0,0.03,0.03,0.03,0,0,44.67,0,0,0,0,0,0,0,0,0.48,1.33,0,22.34,1.86,98.14,-956.81,44.67,-427.42,0.83,279.45,0,32.69,159.12,0,0.48,0,22.34,0
주식회사대한복지,066368,2014/12,-6.05,-1.98,-64.59,0,0,0,0,0,140,0,0,-1.95,0,0,0,41.26,0,-16.5,2.21,2.2,0,-0.88,0,0,0,66.02,0,-26.4,0,0,0,2.22,5.28,-2.11,0,58.74,-57.76,58.13,0,0,116.4,1.47,4.91,49.64,31.37,55.85,24.59,3.05,3.38,3.37,0,0,0,0,0,0,8000,-1320,0,1281.68,0,0,0,3301,2.47,0,2.53,2.47,97.53,0,102.33,0,0,0,3.13,3.13,1.53,0,0,0,0,0,0,0,0,76.64,0,0,-76.51,95.02,0,0.71,0.72,0,0,85.68,1787.74,737.41,1.3,1.4,1.33,24.19,0.71,0.05,0.13,0,1.6,0.05,0,0,1.17,1.17,0,0,0,0,0,0,0,0.06,0.06,0.06,0,0,411.98,0,0,0,0,0,0,0,0,4.73,12.39,0,85.83,2,98,-19.23,411.98,-79.2,8.26,279.01,0,27.61,176.31,0,4.73,0,85.83,0
주식회사대한복지,066368,2015/12,36.69,37.25,15.2,27.88,0,0,0,0,12.5,0,0,37.24,0,0,0,46.9,0,3.55,2.46,2.46,0,0.19,17.16,0,1.3,84.43,0,6.39,59.09,0,0,2.46,3.28,0.25,0,53.1,-43.34,43.34,0,0,96.44,5.7,5.3,44.93,33.76,5.37,1.85,2.65,2.85,2.84,0,-15.34,-15.34,0,0,0,9000,319,0,4777.47,52587.28,951.75,0,4221.42,2.08,0,2.12,2.08,97.92,26.5,73.5,1051.75,369.56,231.69,3.6,3.6,3.41,0,0,0,0,0,0,277.42,217.91,77.16,59.51,0,-55.66,69.04,260.58,1.08,1.08,23.98,9.52,42.86,1866.42,2204.44,2.08,2.21,1.53,33.66,1.08,0.05,0.07,0.37,1.8,0.06,0,0,2.33,2.33,0,0,0,0,0,0,0,0.05,0.05,0.08,0,0,486.45,0,0,0,0,0,0,0,0,4.08,4.17,0,90.08,6.1,93.9,3.94,486.45,19.25,29.7,234.04,0,27.61,175.86,0,4.08,0,90.08,0
주식회사대한복지,066368,2016/12,4.89,-1.51,307.61,95.86,0,1346.31,0,8.79,173.52,0,0,-1.55,0,0,0,33.59,0,18.77,4.07,4.07,0,2.27,15.06,0,8.42,165.36,0,92.41,50.55,0,0,4.07,4.07,2.27,0,66.41,-14.82,14.82,0,0,81.23,2.13,23.62,18.23,14.65,2.86,11.33,2.46,2.66,2.66,0,-6.02,-6.02,0,0,0,24616.67,4621,0,8352.22,57208.02,1044.16,0,8268.07,8.09,0,8.8,8.09,91.91,27.48,72.52,1144.16,334.46,210.5,14.35,14.35,13.21,0,0,0,0,0,0,263.89,205,77.91,58.89,0,-48.25,66.01,240.22,2.26,2.27,25.08,10.44,42.58,783.38,845.65,4.35,4.78,3.15,26.67,2.27,0.12,0.12,0.45,4.92,0.17,0,0,2.35,2.35,0,0,0,0,0,0,0,0.13,0.13,0.19,0,0,980.99,0,0,0,0,0,0,0,0,7.85,8.54,0,66.42,2.61,97.39,28.26,980.99,277.24,25.6,218.83,0,283.46,175.86,0,7.85,0,66.42,0
주식회사대한복지,066368,2017/12,-7.08,-1.48,-70.67,-43.35,0,23.58,0,23.64,-41.3,0,0,-1.48,0,0,0,32.42,0,39.52,2.34,2.33,0,2.84,7.32,0,8.93,93.68,0,114.21,15.41,0,0,4.57,2.33,2.84,0,67.58,10.94,24.01,0,0,67.88,7.26,3.67,26.2,22.7,3.02,14.71,2.54,2.87,2.69,0,3.2,3.2,0,0,0,14450,5710,0,8165.03,70731,1314.62,0,4684.05,2.55,0,2.62,2.55,97.45,36.56,63.44,1414.62,266.51,190.01,5.24,5.24,4.69,0,0,0,0,0,0,173.49,133.23,76.51,40.26,0,-46.16,62.65,171.35,1.35,2.81,33.98,13.15,75.33,1314.33,1338.69,6.73,6.81,4.27,57.15,1.35,0.07,0.07,0.23,2.89,0.11,0,0,1.33,1.33,0,0,0,0,0,0,0,0.08,0.08,0.12,0,0,851.3,0,0,0,0,0,0,0,0,7.33,7.53,86164.17,98.19,6.78,93.22,40.25,851.3,375.91,57.71,208.18,0,29.13,180.37,0,7.33,86164.17,98.19,0
주식회사대한복지,066368,2018/12,-0.1,-1.21,42.4,-64.04,,0,0,-2.49,-30.8,0,0,-1.21,0,0,0,16.84,,-17.6,0.87,0.87,,-0.91,2.41,,-2.52,33.68,,-35.21,0,,,1.01,0.87,-0.91,0,83.16,-34.45,37.18,0,0,116.73,8.14,3.81,30.27,20.3,2.57,17.74,3.01,3.01,3.04,0,0.73,0.73,0,0,0,10000,-1760,,-1738.23,68970.65,1279.41,0,1684.17,3.64,0,3.78,3.64,96.36,35.69,64.31,1379.41,269.99,192.96,7.27,7.27,5,0,0,0,0,0,0,180.19,140.26,77.71,39.92,0,-46.42,63.93,179.13,0.45,0.53,33.1,12.79,59.84,1873.59,1932.46,2.59,2.6,1.66,32.13,0.45,0.05,0.05,0.14,2,0.08,0,0,1.67,1.67,0,0,0,0,0,0,0,0.05,0.05,0.1,0,0,355.13,0,0,,0,0,0,0,0,3.06,3.18,65402.03,59.19,16.9,83.1,-29.74,355.13,-105.62,60.02,223.06,0,28.1,149.57,0,3.06,65402.03,59.19,0
주식회사대한복지,066368,2019/12,0.59,-1.27,49.87,254.84,,0,0,3.14,0,0,0,-1.27,0,0,0,59.76,,21.66,3.09,3.08,,1.12,8.53,,3.09,119.52,,43.33,19.91,,,3.06,3.08,1.12,0,40.24,-37.59,37.59,0,0,77.85,12.84,6.27,48.25,30.35,2.51,20.76,3.04,3.07,3.06,0,3.76,3.76,0,0,0,10000,2166,,4693.89,71137.05,1322.74,0,5976.06,5.42,0,5.73,5.42,94.58,36.6,63.4,1422.74,258.45,188.12,10.9,10.9,8.89,0,0,0,0,0,0,173.26,135.87,78.31,37.39,0,-44.3,63.08,172.36,1.59,1.59,34.02,13.23,87.84,1850.33,1943.89,1.2,1.21,0.76,14.78,1.59,0.05,0.05,0.14,2,0.08,0,0,1.14,1.14,0,0,0,0,0,0,0,0.05,0.05,0.09,0,0,589.66,0,0,,0,0,0,0,0,5.06,5.35,197977.85,98.28,10.18,89.82,22.04,589.66,132.99,60,225.52,0,29.3,141.84,0,5.06,197977.85,98.28,0
주식회사더헤리티지너싱홈,106076,2021/12,0,0,0,0,,0,0,0,0,0,0,0,0,0,0,-396.9,,-422.33,-0.69,-0.69,,-0.73,-98.8,,-105.13,-51.75,,-55.07,0,,,-0.73,-0.69,-0.73,0,496.9,-25.43,-0.14,0,6.82,521.75,19.99,1.46,-0.03,0,0,0,0,0,0,0,-90.91,-90.91,0,0,0,651.96,-1377,,5633.79,-49998.2,-47.62,0,-2587.61,0.22,0,0.22,0.22,99.78,0.69,99.31,52.38,14358.97,99.81,794.35,794.35,272.06,0,0,0,0,0,0,14290.08,3.92,0,14286.16,52540.2,0.19,98.58,14186.2,999999999,999999999,-0.63,-0.48,124.96,57682.1,115614.11,0.38,0.38,0.37,432.07,0,0,0,0.25,0.13,0,0,0,0.8,0.8,0,0,0,0,0,0,0,0,0,0.71,0,0,-59.66,0,0,,0,0,0,0,0,-0.26,-0.29,0,-305.02,0,0,0,-59.66,-82.6,20.43,-0.03,1.05,1.49,0,0,-0.26,0,-305.02,0
주식회사더헤리티지너싱홈,106076,2022/12,1.22,-3.05,2148.13,0,,0,0,0,39360.93,0,0,-3.43,0,0,0,8.26,,-4.2,2.81,2.8,,-1.43,0,,0,212.51,,-108.15,0,,,2.88,2.81,-1.43,0,91.74,-12.46,12.68,0,0.02,104.19,49.51,0.91,12.14,12.1,13.83,9.13,4.3,4.42,4.41,0,0,0,0,0,0,128633.8,-5408,,22680.97,0,0,0,10625.7,4.8,0,5.04,4.8,95.2,0,100.73,0,0,0,112.58,112.58,110.16,0,0,0,0,0,0,0,0,1.08,0,17978.93,0.54,96.82,0,0.65,0.67,0,0,7.44,287.33,294.04,3.32,3.45,3.34,9.91,0.65,0.34,0.34,0,25.73,0.34,0,0,13.45,13.45,0,0,0,0,0,935.65,0.39,0.35,0.37,7.25,0,2.56,5696.92,0,0,,0,0,0,0,0,24.89,28.11,0,73.81,70.05,29.95,-5.7,5696.92,-324.1,3990.81,978.67,3.46,73.12,974.96,0,24.89,0,73.81,0
주식회사미소들,053364,2012/12,17.38,17.16,32.37,-12.14,0,-96.99,0,4.06,1.14,0,0,17.16,0,0,0,29.7,0,1.45,2.54,2.54,0,0.12,81.39,0,3.98,120.97,0,5.91,87.26,0,0,2.22,3.64,0.18,0,70.3,-23.62,24.53,0,0,93.97,34.01,5.6,25.86,12.63,2.74,26.12,2.16,2.11,2.27,0,34.03,34.03,0,0,0,20364.51,296,0,6016.95,7579.35,51.59,0,6048.63,1.65,0,1.68,1.65,98.35,2.94,97.06,151.59,3339.77,103.4,33.79,33.79,0.06,0,0,0,0,0,0,3295.84,165.96,1.32,3129.88,0,-3.24,92.19,3130.51,1.21,1.25,1,0.52,18.32,1151.99,835.14,3.51,3.7,3.41,43.12,1.21,0.09,0.12,2.74,4.07,0.09,0,0,5.46,5.46,0,0,0,0,0,18.04,20.23,0.09,0.09,1.32,0.06,0.05,1958.9,0,0,0,0,0,0,0,0,6.34,9.84,0,80.16,40.24,59.76,1.81,1958.9,148.67,788.28,599.37,,129.82,292.76,,6.34,,80.16,
주식회사미소들,053364,2013/12,-40.62,-42.36,62.92,-26.4,0,0,0,0,41.55,0,0,-42.36,0,0,0,15.44,0,-198.6,2.17,2.17,0,-27.91,0,0,0,89.03,0,-1144.92,0,0,0,-25.55,2.76,-35.46,0,84.56,-214.04,16.78,0,0.03,297.08,11.88,2.05,5.6,5.77,5.22,27.7,2.14,2.5,2.25,0,0,0,0,0,0,28825.22,-57246,0,-58823.57,0,0,0,4451.66,4.53,0,4.75,4.53,95.47,0,132.5,0,0,0,44.44,44.44,0.14,0,0,0,0,0,0,0,0,5.07,0,0,-5.66,126.62,0,0.92,-10.84,0,0,19.38,692.18,530.22,-13.04,-13.64,-17.28,-91.6,0.92,0.14,0.18,0,5.77,0.13,0,0,5.16,5.16,0,0,0,0,0,9.97,36.62,0.14,0.14,1.47,0.1,0.03,-4249.09,0,0,0,0,0,0,0,0,-23.17,-24.27,0,-122.84,0,0,0,-4249.09,-6869.55,1230.36,580.29,0,212.46,597.35,0,-23.17,0,-122.84,0
주식회사미소들,053364,2014/12,-89.78,-91.6,-96.61,91.97,0,0,0,0,-44.25,0,0,-89.46,0,0,0,53.18,0,321.12,10.15,10.15,0,61.27,0,0,0,170.92,0,1032.15,15.24,0,0,62.87,10.34,62.43,0,46.82,321,8.38,0,0,12.92,42.7,8.44,15.09,11.06,1.92,18.91,1.25,39.3,1.37,0,-157.66,-157.66,0,0,0,16070.93,51607,0,160467.23,1940.53,-61.19,0,8545.93,1.5,0,1.53,1.5,98.5,12.43,87.57,38.81,792.67,230.99,2.62,2.62,0.21,0,0,0,0,0,0,704.77,461.61,0,243.16,0,-55.86,21.94,176.6,6.35,45.67,-19.59,-0.61,22.27,501.82,77.73,371.6,1483.03,325.43,316.23,6.35,0.19,0.19,0,3.21,0.15,0,0,4.49,4.49,0,0,0,0,0,6.94,52.56,0.2,0.2,1.01,0.14,0.02,8120.65,0,0,0,0,0,0,0,0,433.33,552.12,0,421.08,5.63,94.37,76.26,8120.65,7216.07,457.12,161.55,77.1,90.36,118.45,0,433.33,0,421.08,0
주식회사보아스재활타운,094264,2019/12,0,0,0,0,,0,0,0,0,0,0,0,0,0,0,0,,0,-5.63,-5.65,,-5.62,-15.39,,-15.31,-63.8,,-63.49,0,,,-5.64,-23.41,-23.29,0,0,0,0,0,0,20577.96,38.17,3.06,-0.33,0,0,0,-0.03,0,0,0,-30.03,38.66,0,0,0,0,-1587,,3755.94,41454.84,314.55,0,-3189.83,1.78,0,1.82,1.78,98.22,36.71,63.29,414.55,267.53,104.8,28.4,28.4,8.37,0,0,0,0,0,0,172.39,17.1,0,155.28,0,-4.5,57.01,155.28,999999999,999999999,27.86,3.15,0,0,0,2.63,2.92,1.66,0,0,0,0,0,0,0,0,0,0,0,0,0,0,0,0,0,0,0,0,0,0,0,-374.4,0,0,,0,0,0,0,0,-1.61,-7.22,-29.25,0,0,0,0,-374.4,-653.38,250.6,-2.14,10.46,20.07,0,0,-1.61,-29.25,0,0
주식회사보아스재활타운,094264,2020/12,10.5,10.18,32.15,0,,0,0,-28.73,0,0,0,10.13,0,0,0,-153.12,,-189.68,-7.63,-7.64,,-9.46,-27.09,,-33.55,-96.15,,-119.11,0,,,-7.69,-12.06,-14.94,0,253.12,-36.56,35.47,0,1.05,289.35,40.35,1.63,12.24,17.92,5.44,2.87,2.46,2.85,3.13,0,-82.45,13.93,0,0,0,3139.81,-5956,,-156.6,14771.85,195.44,0,-4807.75,2.01,0,2.05,2.01,97.99,22.35,77.65,295.44,438.47,133.39,7.58,7.58,3.66,0,0,0,0,0,0,347.48,118.77,13.87,228.71,0,-24.53,59.09,264.43,-4.31,-4.35,14.78,1.95,37.22,1968.02,2105.26,4.95,6.51,3.84,80.94,-4.32,0.05,0.08,0.18,0.63,0.07,0,0,2.69,2.69,0,0,0,0,0,0,0,0.05,0.05,0.23,0,0,250.76,0,0,,0,0,0,0,0,0.92,0.94,13.24,19.4,602.79,-502.79,-977.72,250.76,-2451.71,1511.55,458.43,0,60.97,671.52,0,0.92,13.24,19.4,0
주식회사보아스재활타운,094264,2021/12,0.08,-0.77,41.26,0,,0,0,-29.78,305.16,0,0,-0.77,0,0,0,-23.04,,-34.58,-4.43,-4.43,,-6.65,-23.31,,-34.99,-58.61,,-87.98,0,,,-4.51,-4.43,-6.65,0,123.04,-11.54,11.13,0,0.09,132.9,53.66,1.62,7.97,10.93,3.42,6.3,2.64,2.79,3.15,0,-159.82,-22.57,0,0,0,12721.14,-4399,,-10754.71,10372.91,107.46,0,-2930.74,2.84,0,2.92,2.84,97.16,15.68,84.32,207.46,619.63,151.17,7.95,7.95,1.99,0,0,0,0,0,0,537.75,227.86,37.89,309.9,0,-32.89,76.86,490.18,-2.07,-2.11,8.12,1.07,12.62,507.2,520.03,-9.78,-10.73,-8.25,-42.89,-2.07,0.19,0.19,1.01,2.54,0.24,0,0,7.93,7.93,0,0,0,0,0,0,0,0.2,0.2,0.57,0,0,3614.53,0,0,,0,0,0,0,0,13.27,13.67,201.92,69.02,108.58,-8.58,-50.1,3614.53,-1810.9,3924.7,582.88,0,118.71,799.14,0,13.27,201.92,69.02,0
주식회사보아스재활타운,094264,2022/12,-1.69,-2.89,39.33,0,,0,0,-15.82,69.54,0,0,-2.89,0,0,0,-2.65,,-7.61,-0.87,-0.87,,-2.5,-5.98,,-17.18,-11.42,,-32.82,0,,,-0.12,-0.87,-2.5,0,102.65,-4.96,7.24,0,0.06,107.44,59.85,1.39,6.58,8.35,3.55,10.12,2.78,2.89,2.98,0,-208.65,-45.61,0,0,0,21567.16,-1641,,-1662.26,8731.83,74.64,0,-571.22,4.03,0,4.2,4.03,95.97,13.43,86.57,174.64,714.79,150.68,11.09,11.09,1.85,0,0,0,0,0,0,644.79,270.42,41.64,374.37,0,-32.28,83.2,619.64,-0.37,-0.05,5.74,0.75,10.43,293.71,301.54,-11.03,-11.47,-9.55,-28.79,-0.37,0.33,0.33,2.26,4.31,0.38,0,0,9.59,9.59,0,0,0,0,0,19.86,18.38,0.34,0.34,0.83,0.05,0.05,6758.47,0,0,,0,0,0,0,0,25.24,26.31,429.37,76.12,86.43,13.57,-10,6758.47,-675.58,5841.28,642.43,0,135.43,814.91,0,25.24,429.37,76.12,0
주식회사에이플러스효담라이프케어,098792,2021/12,0,0,0,0,,0,0,0,0,0,0,0,0,0,0,-17.14,,-23.35,-33.94,-34.37,,-46.84,0,,0,-4141.82,,-5643.8,0,,,-34.44,-34.37,-46.84,0,117.14,-6.21,6.18,0,1.43,123.28,62.28,0.31,5,14.9,42.82,39.56,7.07,4.17,8.33,0,0,0,0,0,0,120846.38,-14110,,-1563.11,0,0,0,-20709.1,18.06,0,22.04,18.06,81.94,0,175.35,0,0,0,99.79,99.79,35.9,0,0,0,0,0,0,0,0,7.57,0,0,-0.04,154.01,0,-2.68,-2.78,0,0,9.01,40.85,99.71,-0.37,-0.42,-0.65,-0.65,-2.77,2.01,2.01,0,241.69,1.14,0,0,11.1,11.1,0,0,0,0,0,20.37,17.92,2.45,3.01,5.55,0.05,0.06,4949.63,0,0,,0,0,0,0,0,82.15,123.25,495.63,81.92,94.03,5.97,-28.51,4949.63,-1410.95,4654.14,373.45,196.18,23.45,1113.35,0,82.15,495.63,81.92,0
주식회사에이플러스효담라이프케어,098792,2022/12,-11.08,-21.84,23.27,0,,0,0,0,26.15,0,0,-18.65,0,0,0,-11.01,,-16.66,-14.49,-14.74,,-22.31,0,,0,-1677.94,,-2539.5,0,,,-15.36,-14.74,-22.31,0,111.01,-5.65,5.19,0,0.57,116.62,2.49,0.02,4.44,13.17,24.64,69.78,3.64,4.4,4.41,0,0,0,0,0,0,76226.53,-12698,,3957,0,0,0,-8389.71,25.04,0,33.4,25.04,74.96,0,208.45,0,0,0,98.68,98.68,37.46,0,0,0,0,0,0,0,0,7.84,0,0,-0.34,173.96,0,-2.05,-2.21,0,0,15.94,58.72,70.28,1.42,1.7,2.96,2.08,-2.12,1.34,1.34,0,152.45,0.7,0,0,6.27,6.27,0,0,0,0,0,11.77,31.01,1.7,2.13,3.12,0.08,0.03,523.44,0,0,,0,0,0,0,0,9.77,16.68,77.15,6.87,42.33,57.67,-242.58,523.44,-1269.75,221.58,395.79,0,2.23,1173.6,0,9.77,77.15,6.87,0
주식회사인자인,078245,2015/12,0,0,0,0,0,0,0,0,0,0,0,0,0,0,99.53,-12.85,0,-22.01,-2.53,-2.54,0,-4.35,-21.15,0,-36.23,-17.08,0,-29.26,0,0,0,-2.42,-2.55,-4.36,0.47,112.85,-9.54,9.76,0,2.44,122.03,62.6,2.35,7.87,6.7,2.35,2.68,2.19,1.29,2.58,0,-23.49,-23.49,0,0,0,6646.82,-731,0,947.02,8075.89,-19.24,0,-853.9,3.78,0,3.93,3.78,96.22,11.99,88.01,80.76,802.24,109.02,32.18,32.18,18.08,0,0,0,0,0,0,733.75,97.91,0,635.83,0,-7.96,75.1,626.12,-1.31,-1.29,-2.86,-0.19,19.14,487.36,1009.32,0.8,0.94,0.7,7.12,-1.32,0.2,0.2,1.65,1.33,0.22,0,0,5.22,5.22,0,0,0,0,0,306.61,1.19,0.21,0.21,1.27,0,0.84,1067.94,0,0,0,0,0,0,0,0,7.76,8.1,0,78.61,98.78,1.22,-28,1067.94,-304.17,1054.89,132.62,31.93,39.68,112.99,0,7.76,0,78.61,0
주식회사인자인,078245,2016/12,-3.1,-2.85,-4.92,0,0,0,0,18.51,248.04,0,0,-3.03,0,0,0,2.03,0,6.46,0.71,0.71,0,2.25,5.31,0,16.94,4.68,0,14.95,32.33,0,0,4.35,0.71,2.26,0,97.97,4.46,5.99,0,0.03,94.13,71.19,2.95,5.76,12.04,6.12,8.74,2.41,2.6,2.67,0,-4.2,-4.2,0,0,0,11566.96,747,0,76.09,4785.3,-4.29,0,234.24,3.71,0,3.85,3.71,96.29,14.67,85.33,95.71,656.42,100.08,98.03,98.03,4.63,0,0,0,0,0,0,581.7,25.79,2.3,555.91,0,-0.07,81.63,556.45,0.34,2.08,-0.66,-0.04,10.73,275.81,281.49,0.99,1.03,0.84,2.38,0.34,0.35,0.35,2.62,2.31,0.4,0,0,9.32,9.32,0,0,0,0,0,1067.16,0.34,0.36,0.36,3.02,0,2.92,4844.03,0,0,0,0,0,0,0,0,36.32,37.8,0,102.44,72.26,27.74,6.31,4844.03,306.65,3500.3,283.2,17.13,144.83,591.93,0,36.32,0,102.44,0
주식회사인자인,078245,2017/12,-1.44,-3.3,8.86,461.81,0,22.78,0,19.18,18.33,0,0,-1.83,0,0,0,9.61,0,6.7,4.82,4.06,0,2.83,25.09,0,17.5,26.32,0,18.35,40.58,0,0,3.89,4.1,2.86,0,90.39,-0.57,2.51,0,0.03,91.31,67.41,2.35,2.64,8.02,4.52,13.96,1.27,2.38,2.29,0,12.56,12.56,0,0,0,13687.65,918,0,2244.81,5702.93,14.06,0,1315.96,4.1,0,4.27,4.1,95.9,17.74,82.26,114.06,540.7,100.7,85.96,85.96,8.27,0,0,0,0,0,0,463.79,26.86,2.97,436.93,0,-0.67,76.84,433.22,2.24,4.6,2.19,0.14,9.23,227.39,231.11,4.39,4.7,3.61,8.48,3.83,0.42,0.43,2.61,2.74,0.5,0,0,10.83,10.83,0,0,0,0,0,11584.91,0.03,0.44,0.44,5.17,0,31.74,4804.04,0,0,0,0,0,0,0,0,36.55,38.76,0,85.86,74.64,25.36,7.81,4804.04,506.26,3585.66,140.48,19.87,125.08,426.67,0,36.55,0,85.86,0
주식회사인자인,078245,2018/12,-2.32,-2.53,1.46,5.26,,-16.17,0,13.49,7.87,0,0,-2.48,0,0,0,9.38,,5.21,5.13,4.36,,2.42,22.75,,12.64,27.7,,15.39,44.4,,,3.52,4.43,2.46,0,90.62,-2.28,2.37,0,0.07,93.06,70.01,2.38,2.49,5.68,3.65,18.34,1.36,2.61,2.51,0,22.96,22.96,0,0,0,14765.27,769,,1931.49,6469.69,29.44,0,1385.15,4.25,0,4.44,4.25,95.75,20.61,79.39,129.44,464.63,148.16,12.02,12.02,0.6,0,0,0,0,0,0,385.28,171.68,45.16,213.6,0,-31.12,72.43,351.49,2.33,4,4.69,0.29,8.98,206.25,209.2,8.37,9.18,6.65,14.14,3.96,0.46,0.47,2.43,2.95,0.57,0,0,11.13,11.13,0,0,0,0,0,12496.99,0.03,0.48,0.49,1.93,0,34.24,5082.01,0,0,,0,0,0,0,0,39.58,42.07,0,84.19,79.22,20.78,6.19,5082.01,428.69,4026.08,142.98,20.82,136.98,326.47,0,39.58,0,84.19,0
주식회사인자인,078245,2019/12,22.95,10.31,49.51,-28.4,,130.6,0,109.4,7.58,0,0,21.77,0,0,0,6.24,,11.17,2.83,2.83,,5.07,9.91,,17.72,19.84,,35.48,36.23,,,6.71,3.03,5.42,0,93.76,9.05,3.62,0,0.02,86.43,69.94,2.27,3.72,4.87,3.59,22.69,2.3,2.74,2.63,0,41.48,41.48,0,0,0,15885.13,1774,,1533.71,13551.65,171.06,0,991.75,5.17,0,5.46,5.17,94.83,35.1,64.9,271.06,270.19,133.8,17.76,17.76,0.98,0,0,0,0,0,0,184.93,82.99,48.84,101.94,0,-23.95,54.48,155.22,1.72,5.22,22.15,1.71,10.49,209.92,217.78,6.91,8.24,4.49,10.91,1.72,0.45,0.49,1.59,3.18,0.64,0,0,9.53,9.53,0,0,0,0,0,0,0,0.48,0.51,1.24,0,0,6123.43,0,0,,0,0,0,0,0,38.79,45.95,0,94.3,72.24,27.76,11.84,6123.43,993.26,4423.87,235.12,19.57,143.88,307.73,0,38.79,0,94.3,0
주식회사인자인,078245,2020/12,1.86,-1.81,19.75,55.14,,-13.93,0,12.36,1.27,0,0,0.88,0,0,0,9.56,,9.49,3.95,3.95,,3.92,10.69,,10.61,30.77,,30.54,29.74,,,5.09,4.46,4.43,0,90.44,1.96,2.84,0,0.03,89.01,73.28,2.13,3.05,4.04,3,26.58,1.86,2.37,2.27,0,47.91,47.91,0,0,0,16087.33,1527,,2050.72,15227.24,204.56,0,1538.58,6.08,0,6.48,6.08,93.92,38.71,61.29,304.56,242.59,132.16,21.02,21.02,3.81,0,0,0,0,0,0,158.3,74.75,53.16,83.56,0,-22.86,49.13,126.9,3.36,5.05,26,2.05,13.64,228.63,213.82,7.43,9.27,4.56,11.14,3.36,0.41,0.47,1.12,3.22,0.65,0,0,7.33,7.33,0,0,0,0,0,0,0,0.44,0.5,1.19,0,0,5839.42,0,0,,0,0,0,0,0,36.31,44.63,0,88.79,77.01,22.99,10.69,5839.42,757.63,4497.18,187.03,18.83,130.8,247.95,0,36.31,0,88.79,0
주식회사인자인,078245,2021/12,0.33,-1.76,3.44,-23.81,,-22.16,0,7.8,-1.03,0,0,0.13,0,0,0,7.36,,7.47,2.98,2.98,,3.02,7.41,,7.51,23.45,,23.77,31.11,,,4.35,3.43,3.48,0,92.64,1.46,3.3,0,0.03,91.58,74.47,2.1,3.44,3.78,2.96,30.4,2.23,2.94,2.83,0,51.68,51.68,0,0,0,15921.07,1189,,1442.3,16416.1,228.33,0,1172.28,6.27,0,6.69,6.27,93.73,41.6,58.4,328.33,225.32,128.97,22.95,22.95,3.53,0,0,0,0,0,0,140.4,65.69,54.79,74.71,0,-21.05,45.25,108.78,2.23,3.67,28.93,2.28,15.28,232.18,213.12,7.58,9.78,4.43,10.97,2.23,0.4,0.47,1.01,3.18,0.68,0,0,6.54,6.54,0,0,0,0,0,0,0,0.43,0.5,1.18,0,0,5827.19,0,0,,0,0,0,0,0,36.12,45.34,0,89.53,79.82,20.18,8.34,5827.19,574.02,4651.54,214.71,19.41,131.26,236.25,0,36.12,0,89.53,0
주식회사인자인,078245,2022/12,2.26,-1.54,9.74,-2.57,,108.64,0,15.1,6.13,0,0,1.76,0,0,0,6.76,,14.67,2.86,2.86,,6.21,6.47,,14.04,22.84,,49.59,-15.22,,,7.65,3.38,7.33,0,93.24,3.97,3.39,0,0.03,90.01,74.49,2.08,3.51,4,3.43,34.53,2.58,3.5,3.35,0,58.02,58.02,0,0,0,16897.54,2480,,1642.77,18896,277.92,0,1142.19,6.73,0,7.21,6.73,93.27,46.82,53.18,377.92,199.19,125.53,26.18,26.18,3.74,0,0,0,0,0,0,113.56,54.89,56.72,58.68,0,-18.97,40.61,86.73,1.99,4.16,34.43,2.78,15.36,220.83,199.36,7.19,9.41,3.82,9.13,1.99,0.42,0.5,0.96,3.38,0.76,0,0,6.51,6.51,0,0,0,0,0,0,0,0.45,0.54,1.28,0,0,6375.49,0,0,,0,0,0,0,0,38.65,50.38,0,92.3,78.01,21.99,15.9,6375.49,740.86,4973.7,234.36,20.48,138.92,267.16,0,38.65,0,92.3,0
주식회사일산시니어,086296,2017/12,0,0,0,0,,0,0,0,0,0,0,0,0,0,0,28.5,,0.06,5.7,5.7,,0.01,176.09,,0.35,190.89,,0.38,94.14,,,5.84,5.7,0.01,0,71.5,-28.42,29.16,0,0.01,99.91,45.8,0.87,28.91,0,0,0,6.02,3.21,6.41,0,9.23,9.23,0,0,0,6697.11,2,,-369.57,2168.07,8.4,0,1908.89,6.99,7.1,7.52,6.5,93.01,3.24,96.76,108.4,2874.56,122.37,29.14,27.07,4.13,0,559.61,0,167.54,0,334.02,2990.64,741.65,22.19,2248.99,0,-17.01,90.96,2811.32,0.98,1,0.25,0.08,34.98,465.29,1000.54,-0.28,-0.3,-0.28,-2.76,0.98,0.2,0.2,6.18,6.7,0.21,12.06,30.26,2.86,3.08,40.29,9.06,0,0,0,7.2,50.7,0.21,0.21,0.65,0.03,0.03,766.75,0,0,,0,0,0,0,0,7.63,8.2,0,76.33,60.54,39.46,0.07,766.75,0.87,464.15,292.95,0,8.78,0,0,7.63,0,76.33,0
주식회사일산시니어,086296,2018/12,-30.36,-29.9,-36.39,0,,150955.93,0,262.43,123.93,0,0,-29.9,0,0,12.04,-1.44,,37.94,-0.38,-0.38,,10.01,-4.3,,113.5,-10.77,,284.49,6.87,,,15.94,-0.44,11.52,87.96,101.44,39.38,22.46,0,0,78.51,2.77,2.01,16.2,3.65,4.96,6.19,6.5,10.04,7.13,0,74.96,74.96,0,0,0,7498.42,2845,,504.36,3928.93,292.89,0,-107.72,6.39,0,6.82,6.39,93.61,16.84,83.16,392.89,555.97,120.31,28.78,28.78,5.71,0,0,0,0,0,0,493.89,131.76,15.77,362.13,0,-15.8,71.94,427.24,-0.06,2.69,12.55,2.93,25.55,353.44,212.08,0.82,0.95,0.68,2.13,-0.06,0.26,0.3,2.99,7.5,0.29,27.01,13.51,3.91,4.09,90.22,4.05,0,0,0,10.4,35.11,0.28,0.28,0.88,0.01,0.04,1622.23,0,0,,0,0,0,0,0,23.17,37.52,0,72.11,5.33,94.67,52.61,1622.23,853.61,86.51,505.34,0,62.8,113.97,0,23.17,0,72.11,0
주식회사케이비골든라이프케어,081550,2016/12,0,0,0,0,0,0,0,0,0,0,0,0,0,0,0,0,0,0,-2.24,-2.3,0,-2.24,-2.31,0,-2.24,-2.25,0,-2.18,0,0,0,-2.3,-2.3,-2.24,0,0,0,0,0,0,3445.93,22.22,0.55,-2.9,0.43,3.33,1.28,-26.73,0,0,0,-1.12,-1.12,0,0,0,0,-5,0,-47.62,973.97,-2.54,0,-11.25,98.31,0,5826.31,98.31,1.69,99.75,0.25,97.46,1.69,1.69,39330.88,39330.88,17284.81,0,0,0,0,0,0,0.25,0.25,0,0,0,98.06,0,0,999999999,999999999,-2.6,-0.03,0,0,0,-974.92,0,-2.44,0,0,0,0,0,0,0,0,0,0,0,0,0,0,0,0,0,0,0,0,0,0,0,-149.87,0,0,0,0,0,0,0,0,-0.77,-342.21,0,0,0,0,0,-149.87,-218.42,49.97,-6.53,22.91,1.23,0.96,0,-0.77,0,0,0
주식회사케이비골든라이프케어,081550,2017/12,-6.37,21419.99,-55.47,0,0,0,0,-7.09,0,0,0,2854.56,0,0,-93.19,-408.24,0,-363.07,-7.34,-8.22,0,-7.31,-8.27,0,-7.36,-7.77,0,-6.91,0,0,0,-8.19,-8.54,-7.59,193.19,508.24,45.17,-43.65,0,1.82,349.31,40.97,0.95,-8.58,5.56,36.53,18.79,-141.16,0,0,0,-8.84,-8.84,0,0,0,9.52,-35,0,-31.65,451.75,-9.45,2.81,-38.87,46.75,0,87.8,46.75,53.25,98.98,1.02,90.55,53.8,53.69,5659.04,5659.04,5588.89,0,0,0,476.18,0,0,1.03,0.83,0,0.2,0.42,45.93,0,0,999999999,999999999,-10.33,-0.09,3644.77,1322.15,4433.39,-594.04,0,-6.06,-291.22,0,0.02,0.02,0.02,0.02,3.23,70.13,5.2,0.03,0.03,0,0,0,0,0,14.73,24.78,0.08,0.08,0.03,0,0.05,-476.47,0,0,0,0,0,0,0,0,-2.6,-5.94,0,-125.09,0,0,0,-476.47,-1382.9,793.83,-166.27,152.79,18.36,107.74,0,-2.6,0,-125.09,0
주식회사케이비골든라이프케어,081550,2018/12,-6.73,62.17,-82.75,0,,0,0,-7.87,94.87,0,0,60.01,0,0,-33.32,-202.78,,-191.97,-8.09,-8.51,,-8.06,-8.65,,-8.19,-7.53,,-7.12,0,,,-8.49,-11.31,-10.71,133.32,302.78,10.81,-10.19,0,1.4,273.25,39.18,2.22,-3.36,4.95,23.17,47.08,-26.69,0,0,0,-18.14,-18.14,0,0,0,18.56,-36,,-29.94,416.35,-16.58,0.8,-37.63,8.65,0,9.47,8.65,91.35,97.77,2.23,83.42,93.43,92.67,608.13,608.13,571.83,0,0,0,618.98,0,0,2.28,1.45,0,0.82,11.13,7.23,0.59,0.6,999999999,999999999,-19.43,-0.17,675.65,1706.41,1311.15,-324.2,-1231.79,-7.22,-165.96,0,0.04,0.06,0.04,0.04,2.62,68.22,5.35,0.15,0.15,0,0,0,0,0,12.46,29.3,0.06,0.06,0.14,0,0.04,-305.1,0,0,,0,0,0,0,0,-1.79,-3.84,0,-41.11,0,0,0,-305.1,-1424.89,880.5,-75.62,153.93,49.85,111.14,0,-1.79,0,-41.11,0
주식회사케이비골든라이프케어,081550,2019/12,91.55,96.04,63.82,0,,0,0,-7.59,530.9,0,0,94.18,0,0,-0.26,-24.17,,-27.06,-4.46,-4.55,,-5.09,-7.05,,-7.89,-5.66,,-6.34,0,,,-3.87,-5.37,-6.02,100.26,124.17,-2.89,6.47,0,0.03,125.85,11.62,0.34,4.91,8.35,6.51,4.57,3.44,1.98,3.94,0,-27.85,-27.85,0,0,0,117.07,-32,,-14.02,384.65,-22.91,0.01,-28.3,7.4,0,7.99,7.4,92.6,47.17,52.83,77.09,196.34,94.94,300.04,300.04,254.77,0,0,0,241.93,0,0,112.02,5.23,0.6,106.79,1021.43,4.93,50.56,107.19,-3.48,-3.18,-14.02,-0.23,41.57,489.66,691.75,-5.09,-5.32,-2.69,-18.77,-3.73,0.19,0.22,0.29,0.23,0.53,61.44,5.94,2.41,2.41,0,0,0,0,0,22.85,15.97,0.2,0.21,1.9,0,0.1,424.53,0,0,,0,0,0,0,0,1.3,1.43,0,9.07,168.88,-68.88,-298.47,424.53,-1267.09,716.96,303.16,135.45,20.72,515.35,0,1.3,0,9.07,0
주식회사케이비골든라이프케어,081550,2020/12,25.08,20.59,90.29,0,,0,0,34.62,38.22,0,0,19.87,0,0,3.86,-11.12,,-12.72,-1.93,-1.96,,-2.24,-3.98,,-4.55,-3.13,,-3.58,0,,,-1.68,-2.17,-2.48,96.14,111.12,-1.6,3.19,0,0,112.44,7.6,0.8,2.77,8.1,3.97,8.63,1.1,1.19,1.25,0,-24.65,-24.65,0,0,0,140.71,-16,,-6.36,450.67,-20.17,0.42,-15.65,11.25,0,12.68,11.25,88.75,50.76,49.24,79.83,174.83,134.19,33.23,33.23,28.88,0,0,0,368.78,0,0,97,66.72,65.76,30.28,0,-22.61,44.63,87.91,-3.32,-2.99,-12.83,-0.2,54.22,514.14,523.63,-2.12,-2.34,-1.04,-6.59,-3.49,0.18,0.2,0.36,0.28,0.35,46.18,7.9,1.84,1.84,0,0,0,0,0,15.15,24.09,0.19,0.2,0.6,0,0.06,694.51,0,0,,0,0,0,0,0,1.7,2.38,0,10.73,81.47,18.53,-118.55,694.51,-823.33,565.8,206.25,83.44,59.59,602.77,0,1.7,0,10.73,0
주식회사케이비골든라이프케어,081550,2021/12,35.29,43.87,-33.04,0,,0,0,18.72,29.7,0,0,43.96,0,0,3.61,-12.04,,-12.96,-2.1,-2.1,,-2.26,-4.45,,-4.79,-3.55,,-3.82,0,,,-1.5,-2.54,-2.74,96.39,112.04,-0.92,4.37,0,0.03,112.49,7.06,0.4,3.74,9.19,4.15,7.66,1.44,1.25,1.55,0,-25.18,-25.18,0,0,0,147.28,-18,,-6.87,431.96,-20.51,0,-17.73,5.57,0,5.9,5.57,94.43,44.55,55.45,79.49,211.99,106.73,48.31,48.31,33.67,0,0,0,458.47,0,0,124.49,25.88,18.26,98.61,0,-5.96,53.66,120.45,-2.74,-1.97,-11.5,-0.21,45.75,527.24,543.65,-1.12,-1.15,-0.62,-4.08,-2.76,0.17,0.21,0.37,0.29,0.33,50.2,7.27,2.19,2.19,0,0,0,0,0,11.92,30.63,0.19,0.19,0.6,0,0.04,1064.29,0,0,,0,0,0,0,0,1.92,2.52,0,12.68,65,35,-102.21,1064.29,-1087.86,691.75,366.78,154.46,38.9,900.25,0,1.92,0,12.68,0
주식회사케이비골든라이프케어,081550,2022/12,-0.73,0.64,-30.59,0,,0,0,-4.76,34.26,0,0,1.03,0,0,10.56,-3.78,,-10.41,-0.77,-0.77,,-2.13,-1.77,,-4.88,-1.37,,-3.79,0,,,-0.82,-0.95,-2.62,89.44,103.78,-6.63,6.42,0,0,110.36,8.17,0.45,5.79,7.83,3.49,11.36,2.33,2.43,2.44,0,-31.44,-31.44,0,0,0,181.79,-19,,-0.03,378.22,-24.3,0.22,-6.87,3.89,0,4.05,3.89,96.11,42.74,57.26,75.7,224.88,223.04,6.84,6.84,3.52,0,0,0,395.79,0,0,133.99,133.16,99.58,0.83,0,-53.02,54.67,127.91,-0.59,-0.62,-13.72,-0.24,23.15,465.84,391.22,-0.63,-0.66,-0.36,-1.75,-0.59,0.2,0.25,0.47,0.36,0.36,50.08,7.29,4.32,4.32,0,0,0,0,0,11.84,30.83,0.21,0.22,0.53,0,0.04,1735.29,0,0,,0,0,0,0,0,3.16,4.18,0,15.4,58.81,41.19,-67.62,1735.29,-1173.44,1020.6,723.89,129.28,56.56,978.41,0,3.16,0,15.4,0
케어링주식회사,104175,2021/12,0,0,0,0,,0,0,0,0,0,0,0,0,0,5.36,-21.51,,-19.24,-100.24,-100.38,,-89.8,-153.95,,-137.72,-47493.52,,-42487.07,0,,,-89.94,-100.38,-89.8,94.64,121.51,2.27,-0.03,0,10.97,118.82,9.01,0.15,-0.03,0.36,59.33,44.61,-0.42,0,0,0,-75.48,99.68,0,0,0,11039058.07,-1339465,,-1859332.56,3085076.39,30750.76,0.04,-2374675.78,89.1,0,817.11,89.1,10.9,65.21,34.79,30850.76,16.72,15.77,288.66,288.66,192.19,0,0,0,87.88,0,0,53.36,47.34,0,6.03,6.75,58.23,0,0,999999999,999999999,64.99,307.51,19.09,2.34,42.86,-56.47,0,-19.65,-8.42,0,4.67,4.67,7.16,2207.81,13.41,1642.1,0.22,5.24,5.24,0,0,0,0,0,1868.53,0.2,42.8,192.44,3.89,0,0,-683.89,0,0,,0,0,0,0,0,-14.08,-580.72,-1350,-6.04,0,0,0,-683.89,-2180.65,1241.23,-3.53,188.88,20.5,49.67,0,-14.08,-1350,-6.04,0
케어링주식회사,104175,2022/12,594.43,65.66,400.56,0,,0,0,823.31,200.65,0,0,2178.6,0,0,5.36,-19.6,,-19.45,-33.32,-34.61,,-34.34,-41.21,,-40.89,-55048.48,,-54619.63,0,,,-35.63,-48.49,-48.11,94.64,119.6,0.15,-0.73,0,7.12,119.27,9.99,0.51,-0.61,0.31,28.23,19.92,-8.03,0,0,0,-30.83,99.95,0,0,0,479833.74,-78745,,-82078.7,406198.86,208829.86,0,-94045.91,64.22,0,179.5,64.22,35.78,86.7,13.3,208929.86,41.27,40.63,537.43,537.43,122.68,0,0,0,58.82,0,0,15.35,13.78,0,1.56,2.59,52.27,0,0,-6137.78,999999999,86.65,2088.3,38.14,18.49,66.59,-86.21,0,-11.47,-11.35,0,1.77,2.47,2.1,2808.64,11.03,837.28,0.44,2.62,2.62,0,0,0,0,0,1313.42,0.28,5.41,217.79,2.16,0,0,-1842.07,0,0,,0,0,0,0,0,-5.46,-944.18,-4529.93,-5.41,0,0,0,-1842.07,-6625.33,4096.39,-248.14,599.01,210.82,125.18,0,-5.46,-4529.93,-5.41,0
